SYMBOL,SCREENER_URL,COMPANY_NAME,MARKET_CAP_CR,CMP,HIGH_52W,PE,BOOK_VALUE,DIV_YIELD_PCT,ROCE_PCT,ROE_PCT,FACE_VALUE,PL_REVENUE_CR,PL_OTHER_INCOME_CR,PL_EBITDA_CR,PL_INTEREST_CR,PL_DEPR_CR,PL_PBT_CR,PL_TAX_RATE_PCT,PL_TAX_AMOUNT_CR,PL_PAT_CR,PL_EPS_BASIC,PL_DIVIDEND_CR,PL_OPM_PCT,A_PL_REVENUE_CR_MAR2009,A_PL_REVENUE_CR_MAR2010,A_PL_REVENUE_CR_MAR2011,A_PL_REVENUE_CR_MAR2012,A_PL_REVENUE_CR_MAR2013,A_PL_REVENUE_CR_MAR2014,A_PL_REVENUE_CR_MAR2015,A_PL_REVENUE_CR_MAR2016,A_PL_REVENUE_CR_MAR2017,A_PL_REVENUE_CR_MAR2018,A_PL_REVENUE_CR_MAR2019,A_PL_REVENUE_CR_MAR2025,A_PL_OTHER_INCOME_CR_MAR2009,A_PL_OTHER_INCOME_CR_MAR2010,A_PL_OTHER_INCOME_CR_MAR2011,A_PL_OTHER_INCOME_CR_MAR2012,A_PL_OTHER_INCOME_CR_MAR2013,A_PL_OTHER_INCOME_CR_MAR2014,A_PL_OTHER_INCOME_CR_MAR2015,A_PL_OTHER_INCOME_CR_MAR2016,A_PL_OTHER_INCOME_CR_MAR2017,A_PL_OTHER_INCOME_CR_MAR2018,A_PL_OTHER_INCOME_CR_MAR2019,A_PL_OTHER_INCOME_CR_MAR2025,A_PL_EBITDA_CR_MAR2009,A_PL_EBITDA_CR_MAR2010,A_PL_EBITDA_CR_MAR2011,A_PL_EBITDA_CR_MAR2012,A_PL_EBITDA_CR_MAR2013,A_PL_EBITDA_CR_MAR2014,A_PL_EBITDA_CR_MAR2015,A_PL_EBITDA_CR_MAR2016,A_PL_EBITDA_CR_MAR2017,A_PL_EBITDA_CR_MAR2018,A_PL_EBITDA_CR_MAR2019,A_PL_EBITDA_CR_MAR2025,A_PL_INTEREST_CR_MAR2009,A_PL_INTEREST_CR_MAR2010,A_PL_INTEREST_CR_MAR2011,A_PL_INTEREST_CR_MAR2012,A_PL_INTEREST_CR_MAR2013,A_PL_INTEREST_CR_MAR2014,A_PL_INTEREST_CR_MAR2015,A_PL_INTEREST_CR_MAR2016,A_PL_INTEREST_CR_MAR2017,A_PL_INTEREST_CR_MAR2018,A_PL_INTEREST_CR_MAR2019,A_PL_INTEREST_CR_MAR2025,A_PL_DEPR_CR_MAR2009,A_PL_DEPR_CR_MAR2010,A_PL_DEPR_CR_MAR2011,A_PL_DEPR_CR_MAR2012,A_PL_DEPR_CR_MAR2013,A_PL_DEPR_CR_MAR2014,A_PL_DEPR_CR_MAR2015,A_PL_DEPR_CR_MAR2016,A_PL_DEPR_CR_MAR2017,A_PL_DEPR_CR_MAR2018,A_PL_DEPR_CR_MAR2019,A_PL_DEPR_CR_MAR2025,A_PL_PBT_CR_MAR2009,A_PL_PBT_CR_MAR2010,A_PL_PBT_CR_MAR2011,A_PL_PBT_CR_MAR2012,A_PL_PBT_CR_MAR2013,A_PL_PBT_CR_MAR2014,A_PL_PBT_CR_MAR2015,A_PL_PBT_CR_MAR2016,A_PL_PBT_CR_MAR2017,A_PL_PBT_CR_MAR2018,A_PL_PBT_CR_MAR2019,A_PL_PBT_CR_MAR2025,A_PL_TAX_RATE_PCT_MAR2009,A_PL_TAX_RATE_PCT_MAR2010,A_PL_TAX_RATE_PCT_MAR2011,A_PL_TAX_RATE_PCT_MAR2012,A_PL_TAX_RATE_PCT_MAR2013,A_PL_TAX_RATE_PCT_MAR2014,A_PL_TAX_RATE_PCT_MAR2015,A_PL_TAX_RATE_PCT_MAR2016,A_PL_TAX_RATE_PCT_MAR2017,A_PL_TAX_RATE_PCT_MAR2018,A_PL_TAX_RATE_PCT_MAR2019,A_PL_TAX_RATE_PCT_MAR2025,A_PL_TAX_AMOUNT_CR_MAR2009,A_PL_TAX_AMOUNT_CR_MAR2010,A_PL_TAX_AMOUNT_CR_MAR2011,A_PL_TAX_AMOUNT_CR_MAR2012,A_PL_TAX_AMOUNT_CR_MAR2013,A_PL_TAX_AMOUNT_CR_MAR2014,A_PL_TAX_AMOUNT_CR_MAR2015,A_PL_TAX_AMOUNT_CR_MAR2016,A_PL_TAX_AMOUNT_CR_MAR2017,A_PL_TAX_AMOUNT_CR_MAR2018,A_PL_TAX_AMOUNT_CR_MAR2019,A_PL_TAX_AMOUNT_CR_MAR2025,A_PL_PAT_CR_MAR2009,A_PL_PAT_CR_MAR2010,A_PL_PAT_CR_MAR2011,A_PL_PAT_CR_MAR2012,A_PL_PAT_CR_MAR2013,A_PL_PAT_CR_MAR2014,A_PL_PAT_CR_MAR2015,A_PL_PAT_CR_MAR2016,A_PL_PAT_CR_MAR2017,A_PL_PAT_CR_MAR2018,A_PL_PAT_CR_MAR2019,A_PL_PAT_CR_MAR2025,A_PL_EPS_BASIC_MAR2009,A_PL_EPS_BASIC_MAR2010,A_PL_EPS_BASIC_MAR2011,A_PL_EPS_BASIC_MAR2012,A_PL_EPS_BASIC_MAR2013,A_PL_EPS_BASIC_MAR2014,A_PL_EPS_BASIC_MAR2015,A_PL_EPS_BASIC_MAR2016,A_PL_EPS_BASIC_MAR2017,A_PL_EPS_BASIC_MAR2018,A_PL_EPS_BASIC_MAR2019,A_PL_EPS_BASIC_MAR2025,A_PL_DIVIDEND_CR_MAR2009,A_PL_DIVIDEND_CR_MAR2010,A_PL_DIVIDEND_CR_MAR2011,A_PL_DIVIDEND_CR_MAR2012,A_PL_DIVIDEND_CR_MAR2013,A_PL_DIVIDEND_CR_MAR2014,A_PL_DIVIDEND_CR_MAR2015,A_PL_DIVIDEND_CR_MAR2016,A_PL_DIVIDEND_CR_MAR2017,A_PL_DIVIDEND_CR_MAR2018,A_PL_DIVIDEND_CR_MAR2019,A_PL_DIVIDEND_CR_MAR2025,A_PL_OPM_PCT_MAR2009,A_PL_OPM_PCT_MAR2010,A_PL_OPM_PCT_MAR2011,A_PL_OPM_PCT_MAR2012,A_PL_OPM_PCT_MAR2013,A_PL_OPM_PCT_MAR2014,A_PL_OPM_PCT_MAR2015,A_PL_OPM_PCT_MAR2016,A_PL_OPM_PCT_MAR2017,A_PL_OPM_PCT_MAR2018,A_PL_OPM_PCT_MAR2019,A_PL_OPM_PCT_MAR2025,REVENUE_GROWTH_YOY_PCT,PAT_GROWTH_YOY_PCT,REVENUE_CAGR_3YR_PCT,PAT_CAGR_3YR_PCT,EPS_CAGR_3YR_PCT,REVENUE_CAGR_5YR_PCT,PAT_CAGR_5YR_PCT,EPS_CAGR_5YR_PCT,REVENUE_CAGR_10YR_PCT,PAT_CAGR_10YR_PCT,EPS_CAGR_10YR_PCT,OPM_AVG_3YR_PCT,OPM_AVG_5YR_PCT,OPM_CALC_PCT,NET_MARGIN_CALC_PCT,INTEREST_COVERAGE,LATEST_QUARTER,Q_PL_REVENUE_CR,Q_PL_OTHER_INCOME_CR,Q_PL_EBITDA_CR,Q_PL_INTEREST_CR,Q_PL_DEPR_CR,Q_PL_PBT_CR,Q_PL_TAX_RATE_PCT,Q_PL_TAX_AMOUNT_CR,Q_PL_PAT_CR,Q_PL_EPS_BASIC,Q_PL_OPM_PCT,Q_PL_REVENUE_CR_QSEP2024,Q_PL_REVENUE_CR_QDEC2024,Q_PL_REVENUE_CR_QMAR2025,Q_PL_REVENUE_CR_QJUN2025,Q_PL_REVENUE_CR_QSEP2025,Q_PL_REVENUE_CR_QDEC2025,Q_PL_OTHER_INCOME_CR_QSEP2024,Q_PL_OTHER_INCOME_CR_QDEC2024,Q_PL_OTHER_INCOME_CR_QMAR2025,Q_PL_OTHER_INCOME_CR_QJUN2025,Q_PL_OTHER_INCOME_CR_QSEP2025,Q_PL_OTHER_INCOME_CR_QDEC2025,Q_PL_EBITDA_CR_QSEP2024,Q_PL_EBITDA_CR_QDEC2024,Q_PL_EBITDA_CR_QMAR2025,Q_PL_EBITDA_CR_QJUN2025,Q_PL_EBITDA_CR_QSEP2025,Q_PL_EBITDA_CR_QDEC2025,Q_PL_INTEREST_CR_QSEP2024,Q_PL_INTEREST_CR_QDEC2024,Q_PL_INTEREST_CR_QMAR2025,Q_PL_INTEREST_CR_QJUN2025,Q_PL_INTEREST_CR_QSEP2025,Q_PL_INTEREST_CR_QDEC2025,Q_PL_DEPR_CR_QSEP2024,Q_PL_DEPR_CR_QDEC2024,Q_PL_DEPR_CR_QMAR2025,Q_PL_DEPR_CR_QJUN2025,Q_PL_DEPR_CR_QSEP2025,Q_PL_DEPR_CR_QDEC2025,Q_PL_PBT_CR_QSEP2024,Q_PL_PBT_CR_QDEC2024,Q_PL_PBT_CR_QMAR2025,Q_PL_PBT_CR_QJUN2025,Q_PL_PBT_CR_QSEP2025,Q_PL_PBT_CR_QDEC2025,Q_PL_TAX_RATE_PCT_QSEP2024,Q_PL_TAX_RATE_PCT_QDEC2024,Q_PL_TAX_RATE_PCT_QMAR2025,Q_PL_TAX_RATE_PCT_QJUN2025,Q_PL_TAX_RATE_PCT_QSEP2025,Q_PL_TAX_RATE_PCT_QDEC2025,Q_PL_TAX_AMOUNT_CR_QSEP2024,Q_PL_TAX_AMOUNT_CR_QDEC2024,Q_PL_TAX_AMOUNT_CR_QMAR2025,Q_PL_TAX_AMOUNT_CR_QJUN2025,Q_PL_TAX_AMOUNT_CR_QSEP2025,Q_PL_TAX_AMOUNT_CR_QDEC2025,Q_PL_PAT_CR_QSEP2024,Q_PL_PAT_CR_QDEC2024,Q_PL_PAT_CR_QMAR2025,Q_PL_PAT_CR_QJUN2025,Q_PL_PAT_CR_QSEP2025,Q_PL_PAT_CR_QDEC2025,Q_PL_EPS_BASIC_QSEP2024,Q_PL_EPS_BASIC_QDEC2024,Q_PL_EPS_BASIC_QMAR2025,Q_PL_EPS_BASIC_QJUN2025,Q_PL_EPS_BASIC_QSEP2025,Q_PL_EPS_BASIC_QDEC2025,Q_PL_OPM_PCT_QSEP2024,Q_PL_OPM_PCT_QDEC2024,Q_PL_OPM_PCT_QMAR2025,Q_PL_OPM_PCT_QJUN2025,Q_PL_OPM_PCT_QSEP2025,Q_PL_OPM_PCT_QDEC2025,REVENUE_GROWTH_QOQ_PCT,PAT_GROWTH_QOQ_PCT,TTM_REVENUE_CR,TTM_PAT_CR,BS_CWIP_CR,BS_TOTAL_ASSETS_CR,BS_RESERVES_CR,B_BS_CWIP_CR_MAR2009,B_BS_CWIP_CR_MAR2010,B_BS_CWIP_CR_MAR2011,B_BS_CWIP_CR_MAR2012,B_BS_CWIP_CR_MAR2013,B_BS_CWIP_CR_MAR2014,B_BS_CWIP_CR_MAR2015,B_BS_CWIP_CR_MAR2016,B_BS_CWIP_CR_MAR2017,B_BS_CWIP_CR_MAR2018,B_BS_CWIP_CR_MAR2019,B_BS_CWIP_CR_MAR2025,B_BS_CWIP_CR_SEP2025,B_BS_TOTAL_ASSETS_CR_MAR2009,B_BS_TOTAL_ASSETS_CR_MAR2010,B_BS_TOTAL_ASSETS_CR_MAR2011,B_BS_TOTAL_ASSETS_CR_MAR2012,B_BS_TOTAL_ASSETS_CR_MAR2013,B_BS_TOTAL_ASSETS_CR_MAR2014,B_BS_TOTAL_ASSETS_CR_MAR2015,B_BS_TOTAL_ASSETS_CR_MAR2016,B_BS_TOTAL_ASSETS_CR_MAR2017,B_BS_TOTAL_ASSETS_CR_MAR2018,B_BS_TOTAL_ASSETS_CR_MAR2019,B_BS_TOTAL_ASSETS_CR_MAR2025,B_BS_TOTAL_ASSETS_CR_SEP2025,B_BS_RESERVES_CR_MAR2009,B_BS_RESERVES_CR_MAR2010,B_BS_RESERVES_CR_MAR2011,B_BS_RESERVES_CR_MAR2012,B_BS_RESERVES_CR_MAR2013,B_BS_RESERVES_CR_MAR2014,B_BS_RESERVES_CR_MAR2015,B_BS_RESERVES_CR_MAR2016,B_BS_RESERVES_CR_MAR2017,B_BS_RESERVES_CR_MAR2018,B_BS_RESERVES_CR_MAR2019,B_BS_RESERVES_CR_MAR2025,B_BS_RESERVES_CR_SEP2025,NET_DEBT_CR,ASSET_TURNOVER,SHARES_CR,ROE_AVG_3YR_PCT,ROE_AVG_5YR_PCT,ROE_AVG_10YR_PCT,CF_OPERATING_CR,CF_INVESTING_CR,CF_FINANCING_CR,C_CF_OPERATING_CR_MAR2009,C_CF_OPERATING_CR_MAR2010,C_CF_OPERATING_CR_MAR2011,C_CF_OPERATING_CR_MAR2012,C_CF_OPERATING_CR_MAR2013,C_CF_OPERATING_CR_MAR2014,C_CF_OPERATING_CR_MAR2015,C_CF_OPERATING_CR_MAR2016,C_CF_OPERATING_CR_MAR2017,C_CF_OPERATING_CR_MAR2018,C_CF_OPERATING_CR_MAR2019,C_CF_OPERATING_CR_MAR2025,C_CF_INVESTING_CR_MAR2009,C_CF_INVESTING_CR_MAR2010,C_CF_INVESTING_CR_MAR2011,C_CF_INVESTING_CR_MAR2012,C_CF_INVESTING_CR_MAR2013,C_CF_INVESTING_CR_MAR2014,C_CF_INVESTING_CR_MAR2015,C_CF_INVESTING_CR_MAR2016,C_CF_INVESTING_CR_MAR2017,C_CF_INVESTING_CR_MAR2018,C_CF_INVESTING_CR_MAR2019,C_CF_INVESTING_CR_MAR2025,C_CF_FINANCING_CR_MAR2009,C_CF_FINANCING_CR_MAR2010,C_CF_FINANCING_CR_MAR2011,C_CF_FINANCING_CR_MAR2012,C_CF_FINANCING_CR_MAR2013,C_CF_FINANCING_CR_MAR2014,C_CF_FINANCING_CR_MAR2015,C_CF_FINANCING_CR_MAR2016,C_CF_FINANCING_CR_MAR2017,C_CF_FINANCING_CR_MAR2018,C_CF_FINANCING_CR_MAR2019,C_CF_FINANCING_CR_MAR2025,SH_PROMOTER_PCT_QMAR2024,SH_PROMOTER_PCT_QJUN2024,SH_PROMOTER_PCT_QSEP2024,SH_PROMOTER_PCT_QDEC2024,SH_PROMOTER_PCT_QMAR2025,SH_PROMOTER_PCT_QJUN2025,SH_PROMOTER_PCT_QSEP2025,SH_PROMOTER_PCT_QDEC2025,SH_PROMOTER_PCT_LATEST,SH_FII_PCT_QMAR2024,SH_FII_PCT_QJUN2024,SH_FII_PCT_QSEP2024,SH_FII_PCT_QDEC2024,SH_FII_PCT_QMAR2025,SH_FII_PCT_QJUN2025,SH_FII_PCT_QSEP2025,SH_FII_PCT_QDEC2025,SH_FII_PCT_LATEST,SH_DII_PCT_QMAR2024,SH_DII_PCT_QJUN2024,SH_DII_PCT_QSEP2024,SH_DII_PCT_QDEC2024,SH_DII_PCT_QMAR2025,SH_DII_PCT_QJUN2025,SH_DII_PCT_QSEP2025,SH_DII_PCT_QDEC2025,SH_DII_PCT_LATEST,SH_PUBLIC_PCT_QMAR2024,SH_PUBLIC_PCT_QJUN2024,SH_PUBLIC_PCT_QSEP2024,SH_PUBLIC_PCT_QDEC2024,SH_PUBLIC_PCT_QMAR2025,SH_PUBLIC_PCT_QJUN2025,SH_PUBLIC_PCT_QSEP2025,SH_PUBLIC_PCT_QDEC2025,SH_PUBLIC_PCT_LATEST,FREE_FLOAT_PCT,DIVIDEND_CONSECUTIVE_YRS,DIVIDEND_UNINTERRUPTED,OTHER_INCOME_TO_PBT_PCT,DATE_DOWNLOADED,INDUSTRY,SERIES,ISIN_CODE,SCORE_PE,SCORE_PB,SCORE_EV_EBITDA,SCORE_PRICE_TO_SALES,SCORE_PEG_RATIO,SCORE_ROE_PCT,SCORE_ROCE_PCT,SCORE_OPM,SCORE_NET_MARGIN,SCORE_EARNINGS_YIELD,SCORE_REVENUE_GROWTH_YOY,SCORE_PAT_GROWTH_YOY,SCORE_REVENUE_CAGR_3YR,SCORE_EPS_CAGR_3YR,SCORE_PAT_CAGR_3YR,SCORE_DEBT_TO_EQUITY,SCORE_NET_DEBT_CR,SCORE_CF_FCF_CR,SCORE_CF_OPERATING_CR,SCORE_CF_FCF_3YR_AVG,SCORE_DIV_YIELD_PCT,SCORE_PROMOTER_HOLDING,SCORE_FII_HOLDING,SCORE_REVENUE_GROWTH_QOQ,SCORE_PAT_GROWTH_QOQ,VALUATION_SCORE,VALUATION_SCORE_PCT,VALUATION_RANK,FV_GRAHAM,FV_PETER_LYNCH,FV_DCF,FV_EV_EBITDA,FV_PE_MEAN_REV,FV_PB,FV_DDM,FV_EPV,COMPOSITE_FAIR_VALUE,UPSIDE_PCT,MARGIN_OF_SAFETY_PCT,FV_GRADE,F_SCORE,FINAL_SCORE,FINAL_RANK,GRADE
AGI,https://www.screener.in/company/AGI/consolidated/,AGI Greenpac Ltd,3065.0,473.0,1009.0,9.1,343.0,1.48,,15.2,2.0,2529.0,75.0,614.0,85.0,177.0,427.0,24.0,427.0,322.0,49.83,14.0,24.0,595.0,786.0,1071.0,1436.0,1725.0,1820.0,1941.0,1979.0,2075.0,2253.0,2712.0,2529.0,-2.0,14.0,4.0,5.0,27.0,4.0,3.0,13.0,1.0,3.0,29.0,75.0,96.0,133.0,206.0,250.0,259.0,254.0,333.0,317.0,290.0,272.0,316.0,614.0,17.0,40.0,36.0,42.0,69.0,72.0,78.0,41.0,33.0,56.0,87.0,85.0,28.0,50.0,55.0,65.0,93.0,110.0,125.0,115.0,111.0,114.0,151.0,177.0,49.0,57.0,118.0,148.0,124.0,75.0,134.0,174.0,147.0,105.0,107.0,427.0,36.0,23.0,34.0,37.0,34.0,55.0,36.0,38.0,32.0,30.0,35.0,24.0,49.0,57.0,118.0,148.0,124.0,75.0,134.0,174.0,147.0,105.0,107.0,427.0,32.0,44.0,78.0,94.0,82.0,34.0,85.0,108.0,100.0,74.0,70.0,322.0,,,11.84,14.17,12.43,5.15,11.82,15.01,13.87,10.25,9.69,49.83,28.0,25.0,21.0,21.0,24.0,58.0,30.0,27.0,29.0,39.0,31.0,14.0,16.0,17.0,19.0,17.0,15.0,14.0,17.0,16.0,14.0,12.0,12.0,24.0,-6.75,360.0,6.82,47.67,53.16,5.43,30.52,33.34,12.4,22.02,17.31,16.0,15.6,24.28,12.73,7.22,Dec 2025,634.0,-1.0,150.0,11.0,44.0,94.0,24.0,94.0,71.0,11.04,24.0,599.0,658.0,705.0,688.0,602.0,634.0,12.0,16.0,37.0,34.0,5.0,-1.0,154.0,169.0,154.0,142.0,150.0,150.0,23.0,20.0,21.0,17.0,11.0,11.0,47.0,44.0,44.0,41.0,43.0,44.0,96.0,121.0,126.0,118.0,101.0,94.0,25.0,25.0,23.0,25.0,25.0,24.0,96.0,121.0,126.0,118.0,101.0,94.0,72.0,91.0,97.0,89.0,76.0,71.0,11.14,13.99,14.93,13.73,11.74,11.04,26.0,26.0,22.0,21.0,25.0,24.0,5.32,-6.58,2629.0,333.0,101.0,3364.0,2204.0,125.0,8.0,30.0,333.0,62.0,119.0,34.0,63.0,152.0,209.0,121.0,103.0,101.0,935.0,1185.0,1375.0,2278.0,2570.0,2674.0,2631.0,2655.0,3085.0,3474.0,3560.0,3496.0,3364.0,228.0,456.0,659.0,954.0,1013.0,1015.0,1309.0,1372.0,1432.0,1473.0,1498.0,2085.0,2204.0,,0.75,6.479915433403805,,,,429.0,-442.0,-190.0,118.0,18.0,172.0,154.0,31.0,162.0,264.0,311.0,204.0,55.0,329.0,429.0,-279.0,-92.0,-153.0,-490.0,-75.0,-189.0,-92.0,-66.0,-329.0,-183.0,-322.0,-442.0,228.0,16.0,-19.0,387.0,51.0,4.0,-207.0,-247.0,248.0,224.0,-185.0,-190.0,60.23,60.23,60.23,60.23,60.23,60.23,60.23,60.23,60.23,7.42,7.14,7.2,8.32,7.54,7.61,7.49,7.24,7.24,1.19,1.22,1.31,0.87,1.06,1.51,2.22,2.24,2.24,31.16,31.39,31.24,30.55,31.12,30.62,30.03,30.24,30.24,39.77,12.0,True,17.56,2026-03-23,Capital Goods,EQ,INE415A01038,10,0,0,0,0,3,0,6,6,0,0,10,2,10,10,0,0,0,4,0,2,0,0,3,0,66,28.7,12,620.13,2648.96,,1421.31,996.6,417.09,,427.11,1133.67,139.7,58.3,DEEP VALUE,4,33.28,4,E
ASKAUTOLTD,https://www.screener.in/company/ASKAUTOLTD/consolidated/,ASK Automotive Ltd,7738.0,395.0,578.0,27.3,58.8,0.38,27.6,26.6,2.0,3601.0,18.0,432.0,34.0,89.0,327.0,24.0,327.0,248.0,12.56,12.0,12.0,,,,,,,,,,,1785.0,3601.0,,,,,,,,,,,12.0,18.0,,,,,,,,,,,226.0,432.0,,,,,,,,,,,20.0,34.0,,,,,,,,,,,37.0,89.0,,,,,,,,,,,181.0,327.0,,,,,,,,,,,33.0,24.0,,,,,,,,,,,181.0,327.0,,,,,,,,,,,114.0,248.0,,,,,,,,,,,25.58,12.56,,,,,,,,,,,0.0,12.0,,,,,,,,,,,13.0,12.0,20.23,42.53,21.39,44.03,45.12,16.96,18.31,-9.8,,,,10.33,10.2,12.0,6.89,12.71,Dec 2025,1084.0,5.0,141.0,12.0,29.0,105.0,24.0,105.0,80.0,4.05,13.0,974.0,915.0,850.0,891.0,1054.0,1084.0,3.0,5.0,6.0,4.0,7.0,5.0,117.0,111.0,104.0,120.0,137.0,141.0,9.0,8.0,9.0,10.0,12.0,12.0,22.0,23.0,25.0,26.0,28.0,29.0,89.0,86.0,76.0,87.0,104.0,105.0,25.0,23.0,24.0,24.0,23.0,24.0,89.0,86.0,76.0,87.0,104.0,105.0,67.0,66.0,58.0,66.0,80.0,80.0,3.41,3.34,2.92,3.35,4.05,4.05,12.0,12.0,12.0,13.0,13.0,13.0,2.85,0.0,3879.0,284.0,163.0,2319.0,1120.0,,,,,,,,,,,61.0,65.0,163.0,,,,,,,,,,,965.0,1924.0,2319.0,,,,,,,,,,,415.0,1004.0,1120.0,,1.55,19.58987341772152,,,,360.0,-339.0,-14.0,,,,,,,,,,,176.0,360.0,,,,,,,,,,,-297.0,-339.0,,,,,,,,,,,119.0,-14.0,85.0,85.0,78.95,78.95,78.95,78.95,78.95,74.95,74.95,4.48,4.91,9.16,9.91,9.94,10.24,10.34,9.72,9.72,4.02,4.2,4.51,4.66,4.95,5.0,4.82,9.13,9.13,6.51,5.87,7.38,6.47,6.16,5.82,5.87,6.2,6.2,25.05,4.0,False,5.5,2026-03-23,Automobile and Auto Components,EQ,INE491J01022,3,0,0,0,0,7,8,2,2,0,7,9,8,10,10,0,0,0,4,0,0,0,0,2,2,74,32.2,7,128.91,566.71,,330.78,251.2,125.13,,110.89,263.38,-33.3,-50.0,OVERVALUED,4,15.05,15,E
AARTIDRUGS,https://www.screener.in/company/AARTIDRUGS/consolidated/,Aarti Drugs Ltd,2988.0,328.0,575.0,14.8,161.0,0.61,13.1,12.7,10.0,2387.0,16.0,290.0,39.0,56.0,212.0,21.0,212.0,168.0,18.42,5.0,12.0,,,501.0,,,,1097.0,1140.0,1195.0,1244.0,1561.0,2387.0,,,0.0,,,,1.0,0.0,4.0,1.0,6.0,16.0,,,69.0,,,,172.0,180.0,190.0,202.0,211.0,290.0,,,17.0,,,,42.0,48.0,40.0,38.0,44.0,39.0,,,19.0,,,,31.0,37.0,38.0,40.0,43.0,56.0,,,33.0,,,,100.0,95.0,116.0,125.0,131.0,212.0,,,29.0,,,,23.0,28.0,29.0,34.0,32.0,21.0,,,33.0,,,,100.0,95.0,116.0,125.0,131.0,212.0,,,24.0,,,,77.0,69.0,82.0,82.0,90.0,168.0,,,2.46,,,,7.97,7.09,8.57,8.73,9.52,18.42,,,25.0,,,,41.0,24.0,3.0,3.0,3.0,5.0,,,14.0,,,,16.0,16.0,16.0,16.0,14.0,12.0,-5.61,-2.33,-1.39,-6.42,-5.95,5.74,3.57,3.96,8.08,8.11,8.74,12.0,13.8,12.15,7.04,7.44,Dec 2025,602.0,1.0,55.0,9.0,18.0,29.0,-40.0,29.0,41.0,4.44,9.0,598.0,557.0,677.0,591.0,653.0,602.0,1.0,12.0,2.0,0.0,0.0,1.0,67.0,62.0,93.0,74.0,84.0,55.0,9.0,9.0,9.0,9.0,8.0,9.0,14.0,14.0,15.0,15.0,16.0,18.0,46.0,51.0,71.0,51.0,60.0,29.0,24.0,27.0,12.0,-6.0,25.0,-40.0,46.0,51.0,71.0,51.0,60.0,29.0,35.0,37.0,63.0,54.0,45.0,41.0,3.84,4.06,6.89,5.91,4.96,4.44,11.0,11.0,14.0,13.0,13.0,9.0,-7.81,-8.89,2523.0,203.0,179.0,2612.0,1377.0,,,10.0,,,,16.0,34.0,14.0,28.0,33.0,330.0,179.0,,,523.0,,,,1004.0,1102.0,1191.0,1389.0,1455.0,2575.0,2612.0,,,151.0,,,,284.0,333.0,376.0,432.0,520.0,1278.0,1377.0,,0.91,9.109756097560975,,,,245.0,-165.0,-82.0,,,21.0,,,,105.0,133.0,175.0,70.0,143.0,245.0,,,-76.0,,,,-107.0,-99.0,-107.0,-74.0,-62.0,-165.0,,,53.0,,,,1.0,-33.0,-68.0,4.0,-80.0,-82.0,57.13,55.67,55.64,55.38,55.48,55.23,54.72,55.03,55.03,2.56,2.95,2.5,2.28,2.25,2.26,2.68,2.15,2.15,5.99,7.35,7.83,8.77,9.7,9.94,9.9,10.12,10.12,34.3,34.01,34.01,33.58,32.57,32.58,32.7,32.71,32.71,44.97,12.0,True,7.55,2026-03-23,Healthcare,EQ,INE767A01016,9,0,0,0,0,2,2,2,4,0,0,0,0,0,0,0,0,0,4,0,1,0,0,0,0,24,10.4,34,258.31,,,477.51,368.4,163.58,9.9,169.1,287.42,-12.4,-14.1,OVERVALUED,2,8.09,23,E
AARTIPHARM,https://www.screener.in/company/AARTIPHARM/consolidated/,Aarti Pharmalabs Ltd,5595.0,618.0,972.0,25.9,226.0,0.81,17.4,14.5,5.0,2115.0,10.0,464.0,27.0,87.0,361.0,24.0,361.0,272.0,30.05,17.0,22.0,,,,,,,,,,,,2115.0,,,,,,,,,,,,10.0,,,,,,,,,,,,464.0,,,,,,,,,,,,27.0,,,,,,,,,,,,87.0,,,,,,,,,,,,361.0,,,,,,,,,,,,24.0,,,,,,,,,,,,361.0,,,,,,,,,,,,272.0,,,,,,,,,,,,30.05,,,,,,,,,,,,17.0,,,,,,,,,,,,22.0,14.14,25.35,20.79,30.64,18.64,,,,,,,20.33,19.5,21.94,12.86,17.19,Dec 2025,432.0,2.0,102.0,13.0,29.0,63.0,24.0,63.0,48.0,5.29,24.0,458.0,538.0,564.0,386.0,418.0,432.0,4.0,5.0,-2.0,2.0,0.0,2.0,94.0,129.0,146.0,93.0,74.0,102.0,6.0,10.0,7.0,7.0,11.0,13.0,21.0,23.0,23.0,23.0,25.0,29.0,72.0,101.0,115.0,65.0,39.0,63.0,24.0,26.0,23.0,24.0,28.0,24.0,72.0,101.0,115.0,65.0,39.0,63.0,55.0,74.0,88.0,50.0,28.0,48.0,6.03,8.16,9.75,5.46,3.08,5.29,20.0,24.0,26.0,24.0,18.0,24.0,3.35,71.43,1800.0,214.0,160.0,3266.0,2001.0,,,,,,,,,,,,374.0,160.0,,,,,,,,,,,,2906.0,3266.0,,,,,,,,,,,,1945.0,2001.0,,0.65,9.053398058252426,,,,332.0,-414.0,65.0,,,,,,,,,,,,332.0,,,,,,,,,,,,-414.0,,,,,,,,,,,,65.0,46.46,46.46,46.1,44.65,44.29,43.72,42.88,43.1,43.1,8.33,7.07,7.38,8.64,7.36,7.34,8.02,7.69,7.69,9.97,11.47,11.35,10.36,7.53,7.8,6.95,7.66,7.66,35.24,35.0,35.17,36.33,40.81,41.12,42.12,41.54,41.54,56.9,3.0,False,2.77,2026-03-23,Healthcare,EQ,INE0LRU01027,3,0,0,0,0,2,4,6,6,0,3,7,8,6,10,0,0,0,4,0,1,0,0,2,5,67,29.1,10,390.9,560.13,,768.77,601.0,262.16,,263.73,522.4,-15.5,-18.3,OVERVALUED,3,18.85,10,E
ACUTAAS,https://www.screener.in/company/ACUTAAS/consolidated/,Acutaas Chemicals Ltd,18524.0,2268.0,2461.0,64.6,173.0,0.07,19.9,16.0,5.0,1007.0,17.0,232.0,6.0,27.0,216.0,26.0,216.0,160.0,19.38,8.0,23.0,,,,,,,,,160.0,188.0,239.0,1007.0,,,,,,,,,0.0,3.0,0.0,17.0,,,,,,,,,23.0,31.0,42.0,232.0,,,,,,,,,3.0,3.0,5.0,6.0,,,,,,,,,1.0,2.0,3.0,27.0,,,,,,,,,19.0,28.0,35.0,216.0,,,,,,,,,35.0,35.0,34.0,26.0,,,,,,,,,19.0,28.0,35.0,216.0,,,,,,,,,12.0,18.0,23.0,160.0,,,,,,,,,40.17,61.67,11.1,19.38,,,,,,,,,-0.0,-0.0,-0.0,8.0,,,,,,,,,14.0,16.0,18.0,23.0,40.45,226.53,24.65,30.5,25.22,33.22,42.74,8.18,,,,20.33,21.0,23.04,15.89,38.67,Dec 2025,393.0,5.0,151.0,1.0,10.0,145.0,27.0,145.0,106.0,13.19,38.0,247.0,275.0,308.0,207.0,306.0,393.0,8.0,2.0,6.0,16.0,10.0,5.0,49.0,69.0,85.0,51.0,95.0,151.0,0.0,1.0,1.0,1.0,1.0,1.0,7.0,6.0,7.0,8.0,8.0,10.0,50.0,63.0,83.0,58.0,96.0,145.0,25.0,28.0,24.0,24.0,25.0,27.0,50.0,63.0,83.0,58.0,96.0,145.0,38.0,45.0,63.0,44.0,72.0,106.0,4.56,5.49,7.63,5.41,8.82,13.19,20.0,25.0,28.0,25.0,31.0,38.0,28.43,47.22,1214.0,285.0,152.0,1696.0,1373.0,,,,,,,,,11.0,30.0,2.0,130.0,152.0,,,,,,,,,109.0,155.0,213.0,1549.0,1696.0,,,,,,,,,37.0,56.0,72.0,1269.0,1373.0,,0.59,8.167548500881834,,,,118.0,-224.0,261.0,,,,,,,,,29.0,8.0,15.0,118.0,,,,,,,,,-19.0,-25.0,-21.0,-224.0,,,,,,,,,-7.0,15.0,6.0,261.0,39.91,35.98,35.97,35.96,35.96,32.66,32.66,32.66,32.66,8.98,12.93,13.87,15.52,16.48,16.94,16.84,16.67,16.67,6.8,14.81,19.93,20.23,18.31,22.38,22.59,21.7,21.7,44.31,36.28,30.24,28.27,29.22,28.0,27.89,28.96,28.96,67.34,4.0,False,7.87,2026-03-23,Healthcare,EQ,INE00FF01025,0,0,0,0,0,3,4,6,8,0,10,10,8,8,10,0,0,0,4,0,0,0,0,5,5,81,35.2,4,274.66,488.76,,426.08,387.6,221.44,,154.78,346.73,-84.7,-554.1,OVERVALUED,4,4.9,25,E
ADVENZYMES,https://www.screener.in/company/ADVENZYMES/consolidated/,Advanced Enzyme Technologies Ltd,2988.0,267.0,367.0,20.7,133.0,1.95,13.1,9.54,2.0,637.0,33.0,196.0,5.0,37.0,187.0,28.0,187.0,134.0,11.72,44.0,31.0,,,,,,239.0,222.0,293.0,329.0,391.0,420.0,637.0,,,,,,1.0,1.0,-3.0,3.0,1.0,5.0,33.0,,,,,,50.0,91.0,138.0,152.0,165.0,184.0,196.0,,,,,,13.0,9.0,8.0,4.0,9.0,5.0,5.0,,,,,,10.0,9.0,9.0,13.0,18.0,21.0,37.0,,,,,,28.0,74.0,118.0,137.0,139.0,162.0,187.0,,,,,,23.0,31.0,35.0,32.0,33.0,28.0,28.0,,,,,,28.0,74.0,118.0,137.0,139.0,162.0,187.0,,,,,,21.0,51.0,77.0,93.0,94.0,116.0,134.0,,,,,,1.85,4.6,6.97,8.2,8.07,9.95,11.72,,,,,,6.0,4.0,3.0,5.0,6.0,6.0,44.0,,,,,,21.0,41.0,47.0,46.0,42.0,44.0,31.0,2.08,-2.19,6.39,2.62,3.08,7.49,0.15,0.24,11.12,10.14,9.8,31.0,35.4,30.77,21.04,39.2,Dec 2025,172.0,20.0,49.0,1.0,10.0,58.0,26.0,58.0,43.0,3.8,29.0,146.0,169.0,167.0,186.0,185.0,172.0,10.0,8.0,9.0,9.0,10.0,20.0,42.0,55.0,46.0,56.0,60.0,49.0,1.0,1.0,1.0,1.0,1.0,1.0,9.0,9.0,10.0,10.0,10.0,10.0,42.0,53.0,43.0,55.0,60.0,58.0,21.0,27.0,38.0,26.0,25.0,26.0,42.0,53.0,43.0,55.0,60.0,58.0,33.0,39.0,27.0,40.0,45.0,43.0,2.94,3.37,2.37,3.57,3.87,3.8,29.0,33.0,27.0,30.0,33.0,29.0,-7.03,-4.44,710.0,155.0,31.0,1692.0,1462.0,,,,,,2.0,5.0,7.0,8.0,11.0,10.0,22.0,31.0,,,,,,406.0,417.0,450.0,583.0,727.0,805.0,1611.0,1692.0,,,,,,145.0,188.0,256.0,442.0,537.0,657.0,1398.0,1462.0,,0.38,11.191011235955056,,,,142.0,-89.0,-73.0,,,,,,43.0,54.0,93.0,107.0,116.0,129.0,142.0,,,,,,-25.0,-15.0,-10.0,-60.0,-60.0,-124.0,-89.0,,,,,,-20.0,-36.0,-63.0,-65.0,-2.0,-43.0,-73.0,43.5,43.02,42.95,42.92,43.08,43.08,43.08,43.04,43.04,23.01,12.03,12.63,12.57,11.9,23.45,25.41,25.85,25.85,7.56,8.08,8.02,8.17,8.19,8.45,6.41,5.51,5.51,25.95,36.87,36.4,36.31,36.82,25.0,25.09,25.62,25.62,56.96,12.0,True,17.65,2026-03-23,Healthcare,EQ,INE837H01020,5,0,0,0,0,0,2,8,8,0,0,0,2,0,0,0,0,0,4,0,2,0,0,0,0,31,13.5,27,187.28,36.1,,262.71,234.4,101.51,54.08,85.25,161.22,-39.6,-65.6,OVERVALUED,3,4.87,26,E
AETHER,https://www.screener.in/company/AETHER/consolidated/,Aether Industries Ltd,14328.0,1085.0,1180.0,64.0,176.0,0.0,10.2,7.8,10.0,839.0,30.0,241.0,13.0,45.0,213.0,26.0,213.0,158.0,11.95,-0.0,29.0,,,,,,,,,,,,839.0,,,,,,,,,,,,30.0,,,,,,,,,,,,241.0,,,,,,,,,,,,13.0,,,,,,,,,,,,45.0,,,,,,,,,,,,213.0,,,,,,,,,,,,26.0,,,,,,,,,,,,213.0,,,,,,,,,,,,158.0,,,,,,,,,,,,11.95,,,,,,,,,,,,-0.0,,,,,,,,,,,,29.0,40.3,92.68,12.45,13.17,7.31,,,,,,,26.67,27.0,28.72,18.83,18.54,Dec 2025,317.0,-2.0,111.0,4.0,17.0,87.0,26.0,87.0,64.0,4.86,35.0,199.0,220.0,240.0,256.0,280.0,317.0,8.0,11.0,2.0,-0.0,6.0,-2.0,54.0,65.0,80.0,81.0,88.0,111.0,2.0,3.0,5.0,5.0,3.0,4.0,11.0,11.0,13.0,14.0,17.0,17.0,49.0,61.0,64.0,62.0,74.0,87.0,28.0,29.0,21.0,24.0,27.0,26.0,49.0,61.0,64.0,62.0,74.0,87.0,35.0,43.0,50.0,47.0,54.0,64.0,2.63,3.27,3.79,3.55,4.07,4.86,27.0,29.0,33.0,32.0,31.0,35.0,13.21,18.52,1093.0,215.0,556.0,2849.0,2196.0,,,,,,,,,,,,363.0,556.0,,,,,,,,,,,,2644.0,2849.0,,,,,,,,,,,,2093.0,2196.0,,0.29,13.20552995391705,,,,100.0,-418.0,2.0,,,,,,,,,,,,100.0,,,,,,,,,,,,-418.0,,,,,,,,,,,,2.0,81.79,81.79,81.78,81.77,81.77,74.99,74.99,74.98,74.98,2.22,2.9,3.17,3.32,3.33,5.03,4.64,5.81,5.81,11.82,11.55,11.63,11.49,11.43,13.41,12.97,12.25,12.25,4.16,3.74,3.4,3.41,3.47,6.55,7.39,6.96,6.96,25.02,0.0,False,14.08,2026-03-23,Chemicals,EQ,INE0BWX01014,0,0,0,0,0,0,2,6,8,0,10,10,4,2,4,0,0,0,4,0,0,0,0,4,4,58,25.2,18,217.54,87.35,,273.75,239.0,109.82,,91.53,190.77,-82.4,-468.7,OVERVALUED,3,8.33,22,E
AHLUCONT,https://www.screener.in/company/AHLUCONT/consolidated/,Ahluwalia Contracts (India) Ltd,4548.0,681.0,1129.0,17.0,287.0,0.09,18.5,11.9,2.0,4099.0,56.0,342.0,58.0,67.0,273.0,26.0,273.0,202.0,30.17,2.0,8.0,,,,,,961.0,1060.0,1250.0,1427.0,1647.0,1755.0,4099.0,,,,,,37.0,11.0,13.0,8.0,6.0,10.0,56.0,,,,,,36.0,115.0,161.0,173.0,219.0,216.0,342.0,,,,,,39.0,39.0,35.0,27.0,25.0,19.0,58.0,,,,,,12.0,21.0,20.0,24.0,26.0,28.0,67.0,,,,,,22.0,67.0,119.0,131.0,175.0,179.0,273.0,,,,,,-0.0,4.0,29.0,34.0,34.0,35.0,26.0,,,,,,22.0,67.0,119.0,131.0,175.0,179.0,273.0,,,,,,22.0,64.0,84.0,86.0,115.0,117.0,202.0,,,,,,3.46,9.56,12.6,12.84,17.23,17.51,30.17,,,,,,-0.0,-0.0,-0.0,-0.0,2.0,2.0,2.0,,,,,,4.0,11.0,13.0,12.0,13.0,12.0,8.0,6.33,-46.13,15.04,9.23,9.2,16.81,25.84,25.71,14.48,12.18,12.18,9.67,9.4,8.34,4.93,5.9,Dec 2025,1061.0,15.0,96.0,11.0,26.0,74.0,27.0,74.0,54.0,8.07,9.0,1011.0,952.0,1216.0,1005.0,1177.0,1061.0,12.0,15.0,18.0,16.0,15.0,15.0,73.0,84.0,124.0,86.0,128.0,96.0,16.0,15.0,13.0,12.0,15.0,11.0,17.0,18.0,17.0,21.0,22.0,26.0,53.0,67.0,112.0,70.0,106.0,74.0,27.0,26.0,26.0,26.0,26.0,27.0,53.0,67.0,112.0,70.0,106.0,74.0,38.0,50.0,83.0,51.0,79.0,54.0,5.73,7.39,12.44,7.64,11.73,8.07,7.0,9.0,10.0,9.0,11.0,9.0,-9.86,-31.65,4459.0,267.0,-0.0,3946.0,1911.0,,,,,,69.0,79.0,85.0,1.0,0.0,0.0,12.0,-0.0,,,,,,1050.0,1042.0,1157.0,1235.0,1252.0,1488.0,3706.0,3946.0,,,,,,214.0,324.0,409.0,495.0,608.0,724.0,1785.0,1911.0,,1.04,6.6784140969163,,,,359.0,-323.0,-52.0,,,,,,21.0,93.0,77.0,126.0,81.0,86.0,359.0,,,,,,33.0,21.0,-25.0,-9.0,-20.0,-43.0,-323.0,,,,,,-69.0,-98.0,-57.0,-70.0,-70.0,19.0,-52.0,55.32,55.32,55.32,55.32,55.32,55.32,55.32,55.32,55.32,13.32,13.25,12.85,12.51,12.07,12.44,12.85,13.53,13.53,26.04,25.32,24.96,24.7,24.33,24.26,23.8,23.37,23.37,5.32,6.11,6.87,7.48,8.27,7.98,8.01,7.79,7.79,44.68,6.0,False,20.51,2026-03-23,Construction,EQ,INE758C01029,7,0,0,0,0,2,4,0,2,0,1,0,6,2,2,0,0,0,4,0,0,0,0,0,0,30,13.0,29,441.39,277.56,,768.15,603.4,273.22,20.47,253.93,445.29,-34.6,-52.9,OVERVALUED,3,2.61,31,E
ALLCARGO,https://www.screener.in/company/ALLCARGO/consolidated/,Allcargo Logistics Ltd,1148.0,7.69,16.2,81.8,5.81,14.3,3.84,2.49,2.0,16022.0,88.0,530.0,161.0,429.0,29.0,-72.0,29.0,49.0,0.36,580.0,3.0,,,,,,4859.0,5629.0,5641.0,5583.0,6049.0,6895.0,16022.0,,,,,,36.0,53.0,35.0,46.0,27.0,37.0,88.0,,,,,,396.0,482.0,509.0,473.0,392.0,457.0,530.0,,,,,,61.0,60.0,46.0,37.0,35.0,36.0,161.0,,,,,,175.0,157.0,201.0,166.0,159.0,156.0,429.0,,,,,,196.0,317.0,297.0,315.0,225.0,302.0,29.0,,,,,,21.0,22.0,17.0,25.0,23.0,18.0,-72.0,,,,,,196.0,317.0,297.0,315.0,225.0,302.0,29.0,,,,,,154.0,249.0,248.0,238.0,174.0,248.0,49.0,,,,,,1.48,2.38,2.38,2.36,1.74,2.46,0.36,,,,,,13.0,11.0,21.0,21.0,29.0,36.0,580.0,,,,,,8.0,9.0,9.0,8.0,6.0,7.0,3.0,23.54,-65.0,-5.63,-62.97,-66.32,16.88,-26.85,-30.81,11.03,-15.0,-17.21,4.33,5.2,3.31,0.31,3.29,Dec 2025,516.0,4.0,61.0,16.0,51.0,-2.0,-100.0,-2.0,0.0,0.0,11.82,483.0,519.0,3952.44,491.0,537.0,516.0,6.0,26.0,35.99,12.0,-1.0,4.0,49.0,62.0,114.66,51.0,62.0,61.0,18.0,18.0,37.52,17.0,15.0,16.0,56.0,46.0,110.72,63.0,51.0,51.0,-19.0,24.0,2.41,-17.0,-5.0,-2.0,-173.68,125.0,231.12,-29.41,-280.0,-100.0,-19.0,24.0,2.41,-17.0,-5.0,-2.0,14.0,-6.0,-3.16,-12.0,9.0,0.0,0.17,-0.06,-0.13,-0.09,0.09,0.0,10.14,11.95,2.9,10.39,11.55,11.82,-3.91,,5496.4400000000005,-6.16,1.0,2410.0,673.0,,,,,,24.0,30.0,50.0,75.0,10.0,165.0,29.0,1.0,,,,,,3630.0,3447.0,3067.0,3252.0,3405.0,3914.0,7469.0,2410.0,,,,,,1768.0,1883.0,1686.0,1743.0,1915.0,1950.0,2226.0,673.0,,6.65,149.28478543563068,,,,261.0,93.0,-187.0,,,,,,311.0,416.0,440.0,359.0,308.0,324.0,261.0,,,,,,-417.0,-16.0,-191.0,-285.0,-18.0,-295.0,93.0,,,,,,135.0,-394.0,-200.0,-84.0,-222.0,-75.0,-187.0,69.91,63.65,63.37,63.28,63.28,63.28,63.28,40.49,40.49,10.79,10.77,10.99,10.9,11.17,8.83,8.83,8.2,8.2,2.83,2.84,2.75,2.25,2.23,2.25,2.25,3.17,3.17,16.44,22.73,22.87,23.57,23.31,25.62,25.62,48.14,48.14,59.51,12.0,True,303.45,2026-03-23,Services,EQ,INE418H01029,0,0,0,0,0,0,0,0,0,0,7,0,0,0,0,0,0,0,4,0,10,0,0,0,0,21,9.1,37,6.86,,,53.25,7.2,2.9,0.54,9.7,17.86,132.2,56.9,DEEP VALUE,3,15.53,14,E
ABDL,https://www.screener.in/company/ABDL/consolidated/,Allied Blenders & Distillers Ltd,10795.0,384.0,720.0,40.2,55.7,0.94,21.1,20.0,2.0,3520.0,21.0,431.0,126.0,61.0,266.0,27.0,266.0,195.0,6.97,52.0,12.0,,,,,,,,,,,,3520.0,,,,,,,,,,,,21.0,,,,,,,,,,,,431.0,,,,,,,,,,,,126.0,,,,,,,,,,,,61.0,,,,,,,,,,,,266.0,,,,,,,,,,,,27.0,,,,,,,,,,,,266.0,,,,,,,,,,,,195.0,,,,,,,,,,,,6.97,,,,,,,,,,,,52.0,,,,,,,,,,,,12.0,5.77,9650.0,9.43,479.89,387.93,3.28,71.88,66.79,,,,8.33,8.0,12.24,5.54,3.42,Dec 2025,1003.0,-2.0,136.0,26.0,18.0,89.0,28.0,89.0,64.0,2.38,14.0,868.0,974.0,921.0,923.0,990.0,1003.0,2.0,3.0,14.0,7.0,5.0,-2.0,103.0,117.0,136.0,112.0,125.0,136.0,25.0,27.0,28.0,27.0,30.0,26.0,16.0,13.0,16.0,16.0,16.0,18.0,64.0,80.0,106.0,76.0,84.0,89.0,26.0,28.0,26.0,26.0,25.0,28.0,64.0,80.0,106.0,76.0,84.0,89.0,48.0,57.0,79.0,56.0,63.0,64.0,1.7,2.05,2.81,2.02,2.3,2.38,12.0,12.0,15.0,12.0,13.0,14.0,1.31,1.59,3837.0,262.0,129.0,3843.0,1502.0,,,,,,,,,,,,19.0,129.0,,,,,,,,,,,,3540.0,3843.0,,,,,,,,,,,,1487.0,1502.0,,0.92,28.111979166666668,,,,-678.0,-182.0,922.0,,,,,,,,,,,,-678.0,,,,,,,,,,,,-182.0,,,,,,,,,,,,922.0,,80.91,80.91,80.91,80.91,80.91,80.91,80.91,80.91,,3.83,2.83,2.55,2.73,2.82,2.96,3.36,3.36,,3.52,4.14,4.01,4.03,4.73,4.56,4.61,4.61,,11.73,12.11,12.53,12.33,11.53,11.58,11.12,11.12,19.09,1.0,False,7.89,2026-03-23,Fast Moving Consumer Goods,EQ,INE552Z01027,1,0,0,0,0,5,6,2,2,0,1,10,2,10,10,0,0,0,0,0,1,0,0,2,2,54,23.5,22,93.46,2703.87,,229.97,139.4,89.12,,80.07,497.81,29.6,22.9,FAIR,2,38.86,2,D
ANURAS,https://www.screener.in/company/ANURAS/consolidated/,Anupam Rasayan India Ltd,14144.0,1242.0,1407.0,82.2,281.0,0.06,7.33,3.32,10.0,1437.0,11.0,401.0,112.0,102.0,198.0,19.0,198.0,160.0,8.49,9.0,28.0,,,,,,,,,,,502.0,1437.0,,,,,,,,,,,19.0,11.0,,,,,,,,,,,93.0,401.0,,,,,,,,,,,24.0,112.0,,,,,,,,,,,23.0,102.0,,,,,,,,,,,66.0,198.0,,,,,,,,,,,24.0,19.0,,,,,,,,,,,66.0,198.0,,,,,,,,,,,49.0,160.0,,,,,,,,,,,9.85,8.49,,,,,,,,,,,0.0,9.0,,,,,,,,,,,19.0,28.0,-2.58,-4.19,10.19,1.72,-17.61,22.12,24.73,-4.41,,,,27.0,26.6,27.91,11.13,3.58,Dec 2025,512.0,2.0,127.0,35.0,34.0,60.0,-1.0,60.0,61.0,4.31,25.0,294.0,390.0,500.0,486.0,731.0,512.0,2.0,-4.0,6.0,5.0,8.0,2.0,80.0,124.0,144.0,124.0,136.0,127.0,27.0,32.0,31.0,36.0,36.0,35.0,22.0,29.0,31.0,31.0,32.0,34.0,34.0,59.0,88.0,63.0,76.0,60.0,10.0,9.0,29.0,23.0,24.0,-1.0,34.0,59.0,88.0,63.0,76.0,60.0,31.0,54.0,63.0,48.0,57.0,61.0,1.52,2.56,4.05,3.1,3.9,4.31,27.0,32.0,29.0,26.0,19.0,25.0,-29.96,7.02,2229.0,229.0,58.0,5650.0,3083.0,,,,,,,,,,,191.0,216.0,58.0,,,,,,,,,,,1323.0,5269.0,5650.0,,,,,,,,,,,432.0,2740.0,3083.0,,0.25,11.388083735909824,,,,-30.0,-330.0,223.0,,,,,,,,,,,39.0,-30.0,,,,,,,,,,,-250.0,-330.0,,,,,,,,,,,206.0,223.0,61.26,61.23,61.23,61.19,61.19,61.19,59.07,59.07,59.07,8.07,7.14,7.0,7.46,6.47,4.94,7.63,7.6,7.6,2.56,2.56,2.3,2.32,2.25,2.24,1.37,0.41,0.41,28.1,29.06,29.47,29.06,30.11,31.65,31.93,32.89,32.89,40.93,5.0,False,5.56,2026-03-23,Chemicals,EQ,INE930P01018,0,0,0,0,0,0,0,6,6,0,0,0,4,0,0,0,0,0,0,0,0,0,0,0,3,19,8.3,38,231.69,,,528.18,169.8,140.5,7.03,177.22,250.52,-79.8,-395.8,OVERVALUED,2,-12.47,36,E
PARKHOTELS,https://www.screener.in/company/PARKHOTELS/consolidated/,Apeejay Surrendra Park Hotels Ltd,2199.0,103.0,173.0,27.1,61.2,0.48,12.0,6.74,1.0,631.0,22.0,205.0,17.0,62.0,148.0,44.0,148.0,84.0,3.92,13.0,32.0,,,,,,,,,,383.0,421.0,631.0,,,,,,,,,,4.0,8.0,22.0,,,,,,,,,,75.0,85.0,205.0,,,,,,,,,,42.0,50.0,17.0,,,,,,,,,,31.0,31.0,62.0,,,,,,,,,,7.0,12.0,148.0,,,,,,,,,,218.0,20.0,44.0,,,,,,,,,,7.0,12.0,148.0,,,,,,,,,,-8.0,10.0,84.0,,,,,,,,,,-4.56,5.58,3.92,,,,,,,,,,-0.0,-0.0,13.0,,,,,,,,,,20.0,20.0,32.0,8.98,21.74,35.26,32.29,19.39,8.43,103.28,-11.1,,,,32.33,24.4,32.49,13.31,12.06,Dec 2025,200.0,1.0,71.0,10.0,19.0,42.0,42.0,42.0,24.0,1.13,35.0,142.0,177.0,177.0,154.0,167.0,200.0,15.0,1.0,3.0,2.0,1.0,1.0,43.0,64.0,62.0,45.0,49.0,71.0,5.0,6.0,6.0,6.0,5.0,10.0,14.0,15.0,20.0,18.0,18.0,19.0,39.0,45.0,39.0,22.0,28.0,42.0,31.0,29.0,32.0,40.0,42.0,42.0,39.0,45.0,39.0,22.0,28.0,42.0,27.0,32.0,27.0,13.0,16.0,24.0,1.25,1.51,1.24,0.63,0.76,1.13,30.0,36.0,35.0,29.0,29.0,35.0,19.76,50.0,698.0,80.0,99.0,1937.0,1284.0,,,,,,,,,,23.0,31.0,75.0,99.0,,,,,,,,,,1209.0,1235.0,1671.0,1937.0,,,,,,,,,,564.0,570.0,1263.0,1284.0,,0.33,21.3495145631068,,,,158.0,-196.0,4.0,,,,,,,,,,60.0,99.0,158.0,,,,,,,,,,-37.0,-61.0,-196.0,,,,,,,,,,-18.0,-42.0,4.0,68.14,68.14,68.14,68.14,68.14,68.14,68.14,68.14,68.14,5.08,4.66,5.58,4.13,3.97,4.79,2.19,3.29,3.29,16.42,15.19,14.14,11.18,11.55,9.83,10.43,9.51,9.51,10.35,12.0,12.13,16.55,16.33,17.25,19.26,19.05,19.05,31.86,1.0,False,14.86,2026-03-23,Consumer Services,EQ,INE988S01028,3,0,0,0,0,0,2,8,6,0,1,7,10,6,10,0,0,0,4,0,0,0,0,4,5,66,28.7,12,73.47,76.01,,144.03,78.4,33.0,,31.26,82.77,-19.6,-24.4,OVERVALUED,3,17.63,11,E
ACI,https://www.screener.in/company/ACI/consolidated/,Archean Chemical Industries Ltd,7568.0,612.0,728.0,51.7,154.0,0.49,12.8,9.8,2.0,1041.0,-3.0,315.0,8.0,79.0,224.0,28.0,224.0,162.0,13.14,23.0,30.0,,,,,,,,,,,,1041.0,,,,,,,,,,,,-3.0,,,,,,,,,,,,315.0,,,,,,,,,,,,8.0,,,,,,,,,,,,79.0,,,,,,,,,,,,224.0,,,,,,,,,,,,28.0,,,,,,,,,,,,224.0,,,,,,,,,,,,162.0,,,,,,,,,,,,13.14,,,,,,,,,,,,23.0,,,,,,,,,,,,30.0,-21.73,-49.22,-2.7,-4.84,-12.39,,,,,,,36.33,34.8,30.26,15.56,39.38,Dec 2025,255.0,7.0,54.0,4.0,24.0,33.0,28.0,33.0,24.0,1.91,21.0,240.0,242.0,346.0,292.0,233.0,255.0,-29.0,9.0,8.0,8.0,6.0,7.0,75.0,80.0,88.0,78.0,63.0,54.0,3.0,3.0,0.0,5.0,6.0,4.0,19.0,20.0,21.0,23.0,24.0,24.0,23.0,66.0,75.0,58.0,40.0,33.0,31.0,27.0,28.0,31.0,27.0,28.0,23.0,66.0,75.0,58.0,40.0,33.0,16.0,48.0,54.0,40.0,29.0,24.0,1.28,3.89,4.34,3.26,2.36,1.91,31.0,33.0,26.0,27.0,27.0,21.0,9.44,-17.24,1126.0,147.0,64.0,2443.0,1879.0,,,,,,,,,,,,69.0,64.0,,,,,,,,,,,,2389.0,2443.0,,,,,,,,,,,,1839.0,1879.0,,0.43,12.366013071895424,,,,176.0,-246.0,65.0,,,,,,,,,,,,176.0,,,,,,,,,,,,-246.0,,,,,,,,,,,,65.0,53.46,53.46,53.46,53.44,53.44,53.44,53.44,53.43,53.43,5.86,9.53,10.17,10.65,10.93,11.05,11.16,11.08,11.08,27.13,21.04,22.02,22.86,23.17,24.69,25.51,25.26,25.26,13.54,15.96,14.37,13.06,12.44,10.84,9.9,10.24,10.24,46.57,3.0,False,-1.34,2026-03-23,Chemicals,EQ,INE128X01021,1,0,0,0,0,0,2,8,8,0,0,0,0,0,0,0,0,0,4,0,0,0,0,3,0,26,11.3,32,213.38,,,382.1,262.8,120.74,16.46,114.51,221.73,-63.8,-176.0,OVERVALUED,3,3.31,28,E
ARVIND,https://www.screener.in/company/ARVIND/consolidated/,Arvind Ltd,9082.0,346.0,405.0,21.6,146.0,1.08,13.0,9.32,10.0,8329.0,65.0,895.0,208.0,259.0,493.0,25.0,493.0,367.0,13.5,28.0,11.0,,,,,,6862.0,7851.0,8011.0,9221.0,6794.0,7142.0,8329.0,,,,,,52.0,39.0,89.0,66.0,109.0,39.0,65.0,,,,,,935.0,1036.0,974.0,960.0,691.0,723.0,895.0,,,,,,354.0,417.0,383.0,312.0,192.0,236.0,208.0,,,,,,225.0,212.0,239.0,294.0,222.0,235.0,259.0,,,,,,407.0,445.0,441.0,420.0,385.0,290.0,493.0,,,,,,13.0,24.0,28.0,24.0,18.0,21.0,25.0,,,,,,407.0,445.0,441.0,420.0,385.0,290.0,493.0,,,,,,353.0,338.0,316.0,321.0,316.0,228.0,367.0,,,,,,13.71,13.21,12.17,12.18,11.97,8.75,13.5,,,,,,17.0,19.0,20.0,20.0,20.0,23.0,28.0,,,,,,14.0,13.0,12.0,10.0,10.0,10.0,11.0,7.64,3.97,1.31,14.89,13.88,2.48,41.33,38.21,0.59,0.92,0.24,10.67,10.2,10.75,4.41,4.3,Dec 2025,2373.0,-12.0,273.0,42.0,72.0,147.0,31.0,147.0,101.0,3.72,11.0,2188.0,2089.0,2221.0,2006.0,2371.0,2373.0,12.0,11.0,30.0,9.0,15.0,-12.0,221.0,236.0,245.0,177.0,247.0,273.0,39.0,40.0,47.0,41.0,41.0,42.0,60.0,62.0,69.0,69.0,72.0,72.0,135.0,145.0,158.0,76.0,149.0,147.0,53.0,27.0,2.0,28.0,28.0,31.0,135.0,145.0,158.0,76.0,149.0,147.0,63.0,106.0,155.0,55.0,107.0,101.0,2.28,3.95,5.77,2.03,3.94,3.72,10.0,11.0,11.0,9.0,10.0,11.0,0.08,-5.61,8971.0,418.0,331.0,8231.0,3575.0,,,,,,135.0,100.0,147.0,96.0,116.0,262.0,409.0,331.0,,,,,,7363.0,7976.0,8125.0,8525.0,10188.0,7322.0,8032.0,8231.0,,,,,,2325.0,2466.0,2388.0,3309.0,3524.0,2492.0,3524.0,3575.0,,1.01,26.2485549132948,,,,763.0,-493.0,-271.0,,,,,,388.0,558.0,650.0,551.0,428.0,2358.0,763.0,,,,,,-573.0,-587.0,-503.0,66.0,-353.0,-1306.0,-493.0,,,,,,147.0,-48.0,-151.0,-621.0,-55.0,-1019.0,-271.0,41.13,39.61,39.59,39.59,39.58,39.56,39.53,39.53,39.53,15.15,17.54,18.33,18.66,18.71,17.58,16.81,16.51,16.51,14.81,16.32,17.21,17.61,18.1,18.1,18.69,19.3,19.3,28.91,26.54,24.87,24.13,23.6,24.77,24.96,24.65,24.65,60.47,9.0,False,13.18,2026-03-23,Textiles,EQ,INE034A01011,5,0,0,0,0,0,2,2,2,0,1,0,0,4,4,0,0,0,7,0,2,0,0,2,0,31,13.5,27,210.59,187.38,,511.46,270.0,108.86,,151.44,275.08,-20.5,-25.8,OVERVALUED,3,17.49,12,E
ASHOKA,https://www.screener.in/company/ASHOKA/consolidated/,Ashoka Buildcon Ltd,2985.0,106.0,231.0,2.85,150.0,0.0,39.7,54.8,5.0,10037.0,170.0,2920.0,1245.0,290.0,1555.0,-12.0,1555.0,1734.0,60.35,0.0,29.0,,,,,,1795.0,2320.0,2825.0,2973.0,3601.0,4930.0,10037.0,,,,,,14.0,29.0,24.0,82.0,111.0,17.0,170.0,,,,,,382.0,473.0,918.0,935.0,1140.0,1393.0,2920.0,,,,,,134.0,272.0,800.0,908.0,994.0,1021.0,1245.0,,,,,,139.0,152.0,269.0,264.0,291.0,258.0,290.0,,,,,,124.0,78.0,-126.0,-155.0,-35.0,131.0,1555.0,,,,,,56.0,102.0,77.0,45.0,239.0,131.0,-12.0,,,,,,124.0,78.0,-126.0,-155.0,-35.0,131.0,1555.0,,,,,,55.0,-1.0,-224.0,-225.0,-119.0,-40.0,1734.0,,,,,,4.11,3.42,-3.04,-7.31,-3.96,-1.19,60.35,,,,,,24.0,27.0,-33.0,-15.0,-13.0,0.0,0.0,,,,,,21.0,20.0,33.0,31.0,32.0,28.0,29.0,2.44,232.82,18.72,31.02,29.59,14.64,61.06,59.26,15.77,61.06,61.35,25.33,27.4,29.09,17.28,2.35,Dec 2025,1827.0,2416.0,435.0,200.0,42.0,2609.0,19.0,2609.0,2111.0,75.21,24.0,2489.0,2388.0,2694.0,1887.0,1851.0,1827.0,40.0,39.0,61.0,50.0,-163.0,2416.0,905.0,639.0,777.0,599.0,585.0,435.0,307.0,313.0,318.0,311.0,318.0,200.0,98.0,58.0,40.0,38.0,40.0,42.0,540.0,307.0,481.0,300.0,64.0,2609.0,14.0,-116.0,6.0,24.0,-41.0,19.0,540.0,307.0,481.0,300.0,64.0,2609.0,462.0,662.0,452.0,227.0,91.0,2111.0,16.28,23.32,15.4,7.74,2.78,75.21,36.0,27.0,29.0,32.0,32.0,24.0,-1.3,2219.78,8259.0,2881.0,46.0,19189.0,4070.0,,,,,,7962.0,151.0,20.0,37.0,46.0,58.0,53.0,46.0,,,,,,13518.0,14667.0,10977.0,10804.0,11550.0,13101.0,20573.0,19189.0,,,,,,1184.0,1278.0,1621.0,376.0,222.0,147.0,3775.0,4070.0,,0.52,28.160377358490567,,,,1673.0,-626.0,-1052.0,,,,,,386.0,390.0,251.0,827.0,621.0,-90.0,1673.0,,,,,,-922.0,-812.0,-104.0,-63.0,-315.0,-244.0,-626.0,,,,,,579.0,369.0,25.0,-866.0,-98.0,311.0,-1052.0,54.47,54.47,54.47,54.47,54.47,54.47,54.47,54.47,54.47,7.23,7.63,7.95,8.52,7.48,7.29,7.45,7.46,7.46,17.63,19.32,17.79,15.46,14.93,14.16,14.06,14.45,14.45,20.66,18.57,19.8,21.55,23.12,24.07,24.02,23.62,23.62,45.53,2.0,False,10.93,2026-03-23,Construction,EQ,INE442H01029,10,0,0,0,0,10,10,6,8,0,0,10,6,8,10,0,0,0,7,0,0,0,0,0,5,90,39.1,2,451.31,1785.76,,1555.38,1207.0,657.6,,871.67,1139.62,975.1,90.7,DEEP VALUE,4,49.88,1,D
ASTRAMICRO,https://www.screener.in/company/ASTRAMICRO/consolidated/,Astra Microwave Products Ltd,8468.0,892.0,1196.0,52.8,122.0,0.25,18.7,14.4,2.0,1051.0,27.0,269.0,57.0,35.0,204.0,25.0,204.0,154.0,16.17,14.0,26.0,,,,,,523.0,622.0,406.0,390.0,362.0,293.0,1051.0,,,,,,8.0,6.0,9.0,6.0,8.0,25.0,27.0,,,,,,89.0,116.0,101.0,103.0,114.0,31.0,269.0,,,,,,12.0,15.0,14.0,15.0,15.0,13.0,57.0,,,,,,15.0,22.0,24.0,24.0,27.0,29.0,35.0,,,,,,70.0,85.0,71.0,70.0,80.0,13.0,204.0,,,,,,27.0,26.0,21.0,17.0,23.0,27.0,25.0,,,,,,70.0,85.0,71.0,70.0,80.0,13.0,204.0,,,,,,51.0,63.0,56.0,58.0,61.0,10.0,154.0,,,,,,6.21,7.67,6.5,6.65,7.05,1.13,16.17,,,,,,18.0,16.0,18.0,15.0,17.0,22.0,14.0,,,,,,17.0,19.0,25.0,27.0,31.0,10.0,26.0,15.62,27.27,11.9,59.43,54.67,17.61,28.47,26.06,5.39,9.35,7.74,21.67,17.8,25.59,14.65,4.72,Dec 2025,260.0,8.0,83.0,13.0,11.0,66.0,29.0,66.0,47.0,4.93,32.0,230.0,259.0,408.0,200.0,215.0,260.0,3.0,10.0,11.0,4.0,8.0,8.0,49.0,76.0,118.0,41.0,48.0,83.0,13.0,15.0,19.0,15.0,13.0,13.0,6.0,10.0,11.0,9.0,10.0,11.0,34.0,62.0,99.0,21.0,32.0,66.0,25.0,23.0,26.0,23.0,26.0,29.0,34.0,62.0,99.0,21.0,32.0,66.0,25.0,47.0,73.0,16.0,24.0,47.0,2.67,5.0,7.74,1.71,2.52,4.93,21.0,29.0,29.0,20.0,22.0,32.0,20.93,95.83,1083.0,160.0,1.0,1766.0,1144.0,,,,,,0.0,0.0,1.0,37.0,1.0,2.0,3.0,1.0,,,,,,565.0,495.0,551.0,649.0,676.0,615.0,1851.0,1766.0,,,,,,225.0,275.0,382.0,433.0,484.0,482.0,1079.0,1144.0,,0.6,9.493273542600896,,,,-90.0,-76.0,141.0,,,,,,-26.0,-5.0,59.0,14.0,179.0,1.0,-90.0,,,,,,-14.0,-28.0,-18.0,-123.0,-94.0,85.0,-76.0,,,,,,0.0,11.0,21.0,46.0,-65.0,-98.0,141.0,6.54,6.54,6.54,6.54,6.54,6.54,6.54,6.54,6.54,3.17,4.67,5.69,5.19,5.3,6.47,6.47,6.26,6.26,13.59,13.57,14.98,15.36,15.3,14.36,14.55,14.75,14.75,76.7,75.22,72.79,72.9,72.86,72.62,72.44,72.44,72.44,93.46,12.0,True,13.24,2026-03-23,Capital Goods,EQ,INE386C01029,1,0,0,0,0,2,4,6,6,0,5,7,4,10,10,0,0,0,0,0,0,0,0,5,5,65,28.3,14,210.68,884.01,,425.04,323.4,140.54,,154.06,366.03,-59.0,-143.7,OVERVALUED,2,-2.31,34,E
AURIONPRO,https://www.screener.in/company/AURIONPRO/consolidated/,Aurionpro Solutions Ltd,4276.0,773.0,1666.0,21.0,291.0,0.52,18.1,15.3,10.0,1173.0,20.0,242.0,7.0,30.0,225.0,16.0,225.0,188.0,33.72,10.0,21.0,,,,,,649.0,737.0,710.0,493.0,418.0,522.0,1173.0,,,,,,23.0,-205.0,-1.0,46.0,82.0,-2.0,20.0,,,,,,80.0,125.0,103.0,46.0,79.0,121.0,242.0,,,,,,18.0,23.0,23.0,16.0,13.0,12.0,7.0,,,,,,36.0,38.0,17.0,30.0,32.0,31.0,30.0,,,,,,49.0,-141.0,62.0,46.0,116.0,76.0,225.0,,,,,,-23.0,2.0,12.0,8.0,1.0,20.0,16.0,,,,,,49.0,-141.0,62.0,46.0,116.0,76.0,225.0,,,,,,60.0,-144.0,55.0,42.0,114.0,61.0,188.0,,,,,,16.58,-36.21,12.34,10.26,18.76,12.04,33.72,,,,,,6.0,-4.0,12.0,5.0,5.0,8.0,10.0,,,,,,12.0,17.0,14.0,9.0,19.0,23.0,21.0,32.24,31.47,32.43,35.24,29.57,20.07,55.69,48.15,4.76,16.61,13.39,21.67,21.8,20.63,16.03,34.57,Dec 2025,371.0,-6.0,75.0,2.0,11.0,56.0,22.0,56.0,44.0,7.63,20.0,278.0,306.0,327.0,337.0,358.0,371.0,5.0,4.0,4.0,3.0,10.0,-6.0,56.0,64.0,66.0,68.0,72.0,75.0,1.0,2.0,2.0,2.0,1.0,2.0,7.0,7.0,10.0,10.0,11.0,11.0,53.0,59.0,59.0,60.0,69.0,56.0,14.0,19.0,14.0,15.0,20.0,22.0,53.0,59.0,59.0,60.0,69.0,56.0,46.0,48.0,51.0,51.0,56.0,44.0,8.16,8.57,9.12,9.29,9.84,7.63,20.0,21.0,20.0,20.0,20.0,20.0,3.63,-21.43,1393.0,202.0,0.0,2068.0,1552.0,,,,,,98.0,105.0,106.0,23.0,28.0,97.0,20.0,0.0,,,,,,928.0,825.0,925.0,701.0,814.0,917.0,1948.0,2068.0,,,,,,582.0,464.0,572.0,302.0,386.0,474.0,1450.0,1552.0,,0.57,5.531694695989651,,,,157.0,-421.0,283.0,,,,,,64.0,77.0,33.0,109.0,132.0,64.0,157.0,,,,,,-66.0,-92.0,-43.0,-53.0,-8.0,-180.0,-421.0,,,,,,19.0,8.0,14.0,-52.0,-35.0,27.0,283.0,29.91,26.88,26.88,26.88,26.88,26.88,26.88,26.88,26.88,6.27,12.85,13.93,14.82,15.01,14.58,15.55,16.77,16.77,0.73,1.64,1.44,2.73,3.0,3.08,1.89,0.89,0.89,63.09,58.65,57.74,55.58,55.1,55.45,55.67,55.47,55.47,73.12,9.0,False,8.89,2026-03-23,Information Technology,EQ,INE132H01018,5,0,0,0,0,3,4,6,8,0,9,9,10,8,10,0,0,0,4,0,1,0,0,2,0,79,34.3,5,469.87,997.1,,656.22,674.4,356.18,,268.27,596.9,-22.8,-29.5,OVERVALUED,4,20.23,8,E
AVALON,https://www.screener.in/company/AVALON/consolidated/,Avalon Technologies Ltd,5905.0,885.0,1318.0,61.5,97.4,0.0,12.8,10.4,2.0,1098.0,17.0,115.0,17.0,29.0,87.0,27.0,87.0,63.0,9.59,-0.0,10.0,,,,,,,,,,,,1098.0,,,,,,,,,,,,17.0,,,,,,,,,,,,115.0,,,,,,,,,,,,17.0,,,,,,,,,,,,29.0,,,,,,,,,,,,87.0,,,,,,,,,,,,27.0,,,,,,,,,,,,87.0,,,,,,,,,,,,63.0,,,,,,,,,,,,9.59,,,,,,,,,,,,-0.0,,,,,,,,,,,,10.0,26.64,125.0,9.3,-2.03,-86.57,11.33,39.33,-58.23,,,,9.67,10.2,10.47,5.74,6.76,Dec 2025,418.0,7.0,48.0,3.0,8.0,44.0,27.0,44.0,33.0,4.88,11.0,275.0,281.0,343.0,323.0,382.0,418.0,4.0,10.0,3.0,2.0,8.0,7.0,30.0,35.0,41.0,30.0,39.0,48.0,4.0,5.0,4.0,4.0,4.0,3.0,7.0,7.0,8.0,8.0,9.0,8.0,23.0,33.0,33.0,19.0,34.0,44.0,25.0,27.0,25.0,26.0,26.0,27.0,23.0,33.0,33.0,19.0,34.0,44.0,17.0,24.0,24.0,14.0,25.0,33.0,2.65,3.63,3.67,2.14,3.74,4.88,11.0,12.0,12.0,9.0,10.0,11.0,9.42,32.0,1466.0,96.0,16.0,1104.0,637.0,,,,,,,,,,,,10.0,16.0,,,,,,,,,,,,1038.0,1104.0,,,,,,,,,,,,598.0,637.0,,0.99,6.672316384180791,,,,25.0,54.0,-52.0,,,,,,,,,,,,25.0,,,,,,,,,,,,54.0,,,,,,,,,,,,-52.0,50.91,50.88,50.69,50.58,50.57,44.6,44.46,44.42,44.42,2.43,2.56,2.97,5.39,7.13,8.67,10.04,7.56,7.56,22.47,23.19,23.75,20.87,17.32,22.01,22.84,25.4,25.4,24.19,23.38,22.59,23.16,24.99,24.72,22.65,22.61,22.61,55.58,0.0,False,19.54,2026-03-23,Capital Goods,EQ,INE0LCL01028,0,0,0,0,0,2,2,2,2,0,9,10,2,0,0,0,0,0,0,0,0,0,0,3,5,37,16.1,24,144.97,,,258.53,191.8,81.04,,78.41,171.44,-80.6,-416.2,OVERVALUED,2,-9.33,35,E
AVANTIFEED,https://www.screener.in/company/AVANTIFEED/consolidated/,Avanti Feeds Ltd,15195.0,1115.0,1489.0,24.0,221.0,0.81,24.0,19.5,1.0,5612.0,166.0,634.0,4.0,59.0,738.0,24.0,738.0,557.0,38.81,23.0,11.0,,,,,,1093.0,1709.0,1935.0,2616.0,3393.0,3488.0,5612.0,,,,,,4.0,9.0,20.0,23.0,49.0,59.0,166.0,,,,,,112.0,182.0,231.0,332.0,684.0,410.0,634.0,,,,,,4.0,3.0,3.0,5.0,5.0,5.0,4.0,,,,,,6.0,9.0,10.0,14.0,24.0,36.0,59.0,,,,,,105.0,180.0,238.0,337.0,704.0,428.0,738.0,,,,,,34.0,35.0,33.0,33.0,34.0,28.0,24.0,,,,,,105.0,180.0,238.0,337.0,704.0,428.0,738.0,,,,,,70.0,116.0,158.0,226.0,466.0,307.0,557.0,,,,,,5.18,8.52,11.56,15.83,32.78,20.08,38.81,,,,,,19.0,22.0,20.0,19.0,12.0,20.0,23.0,,,,,,10.0,11.0,12.0,13.0,20.0,12.0,11.0,4.53,41.37,3.68,31.49,33.64,6.4,7.61,8.82,12.63,16.99,16.37,9.33,9.0,11.3,9.93,158.5,Dec 2025,1384.0,63.0,176.0,1.0,16.0,222.0,26.0,222.0,163.0,10.96,13.0,1355.0,1366.0,1382.0,1606.0,1609.0,1384.0,42.0,39.0,50.0,51.0,50.0,63.0,136.0,160.0,177.0,214.0,193.0,176.0,1.0,1.0,1.0,1.0,0.0,1.0,15.0,15.0,15.0,16.0,16.0,16.0,162.0,184.0,211.0,249.0,227.0,222.0,25.0,23.0,26.0,25.0,26.0,26.0,162.0,184.0,211.0,249.0,227.0,222.0,121.0,141.0,157.0,186.0,169.0,163.0,8.34,9.92,11.14,13.09,11.25,10.96,10.0,12.0,13.0,13.0,12.0,13.0,-13.98,-3.55,5981.0,675.0,14.0,4235.0,2997.0,,,,,,5.0,0.0,42.0,94.0,2.0,9.0,30.0,14.0,,,,,,398.0,478.0,623.0,1069.0,1526.0,1615.0,3683.0,4235.0,,,,,,170.0,256.0,414.0,626.0,1022.0,1192.0,2787.0,2997.0,,1.33,13.62780269058296,,,,584.0,-485.0,-86.0,,,,,,56.0,89.0,122.0,278.0,281.0,184.0,584.0,,,,,,-39.0,-84.0,18.0,-408.0,-269.0,-27.0,-485.0,,,,,,-13.0,-12.0,-74.0,101.0,-45.0,-106.0,-86.0,43.25,43.23,43.23,43.23,43.23,43.23,43.23,43.23,43.23,14.11,14.28,14.4,14.47,6.42,7.59,6.98,7.98,7.98,7.47,6.41,5.82,5.49,5.07,4.0,4.19,4.16,4.16,32.44,33.36,33.85,34.1,42.58,42.46,42.88,41.92,41.92,56.77,12.0,True,22.49,2026-03-23,Fast Moving Consumer Goods,EQ,INE871C01038,5,0,0,0,0,3,6,2,4,0,0,9,0,10,10,0,0,0,7,0,1,0,0,0,0,57,24.8,20,439.3,1305.57,,697.84,776.2,344.76,,267.22,664.58,-40.4,-67.8,OVERVALUED,4,11.32,17,E
CCAVENUE,https://www.screener.in/company/CCAVENUE/consolidated/,AvenuesAI Ltd,4648.0,13.4,21.1,18.7,12.0,0.0,8.65,6.47,1.0,3993.0,71.0,316.0,9.0,70.0,308.0,23.0,308.0,236.0,0.65,0.0,8.0,,,,,,207.0,288.0,337.0,441.0,839.0,1159.0,3993.0,,,,,,2.0,7.0,5.0,16.0,31.0,66.0,71.0,,,,,,-20.0,-2.0,22.0,67.0,156.0,176.0,316.0,,,,,,1.0,1.0,1.0,4.0,6.0,6.0,9.0,,,,,,7.0,13.0,18.0,22.0,66.0,82.0,70.0,,,,,,-27.0,-10.0,9.0,56.0,115.0,153.0,308.0,,,,,,0.0,-0.0,-1.0,23.0,23.0,18.0,23.0,,,,,,-27.0,-10.0,9.0,56.0,115.0,153.0,308.0,,,,,,-26.0,-11.0,9.0,44.0,88.0,126.0,236.0,,,,,,-0.13,-0.05,0.04,0.16,0.32,0.38,0.65,,,,,,0.0,0.0,0.0,0.0,3.0,0.0,0.0,,,,,,-10.0,-1.0,7.0,15.0,19.0,15.0,8.0,26.76,51.28,45.59,41.11,35.72,44.54,16.92,15.23,30.07,43.76,36.31,8.33,11.4,7.91,5.91,35.11,Dec 2025,2381.0,15.0,96.0,3.0,18.0,89.0,10.0,89.0,80.0,0.21,4.0,1017.0,1070.0,1161.0,1280.0,1965.0,2381.0,4.0,27.0,24.0,28.0,21.0,15.0,78.0,78.0,75.0,71.0,90.0,96.0,2.0,2.0,3.0,2.0,3.0,3.0,17.0,19.0,18.0,18.0,19.0,18.0,62.0,84.0,78.0,79.0,89.0,89.0,24.0,24.0,30.0,26.0,24.0,10.0,62.0,84.0,78.0,79.0,89.0,89.0,47.0,64.0,55.0,58.0,68.0,80.0,0.13,0.18,0.14,0.18,0.24,0.21,8.0,7.0,6.0,6.0,5.0,4.0,21.17,17.65,6787.0,261.0,140.0,6214.0,3855.0,,,,,,8.0,26.0,19.0,121.0,60.0,32.0,448.0,140.0,,,,,,135.0,268.0,750.0,1043.0,2968.0,3174.0,5369.0,6214.0,,,,,,43.0,170.0,610.0,729.0,2572.0,2671.0,3457.0,3855.0,,0.64,346.86567164179104,,,,72.0,-672.0,208.0,,,,,,-11.0,-21.0,24.0,59.0,97.0,308.0,72.0,,,,,,-17.0,-91.0,-3.0,-558.0,20.0,-280.0,-672.0,,,,,,30.0,123.0,440.0,162.0,-97.0,-54.0,208.0,27.43,27.43,27.43,27.36,27.36,27.36,27.28,27.29,27.29,7.51,6.57,6.8,7.17,7.72,6.38,5.91,5.66,5.66,0.08,0.09,0.12,0.15,0.2,0.18,0.22,0.23,0.23,64.56,65.48,65.21,64.89,64.29,65.66,66.16,66.38,66.38,72.71,6.0,False,23.05,2026-03-23,Financial Services,EQ,INE483S01020,7,0,0,0,0,0,0,0,2,0,9,10,10,10,10,0,0,0,0,0,0,0,0,5,4,67,29.1,10,13.25,23.22,,13.67,13.0,6.21,,4.55,12.86,-4.0,-4.2,FULLY PRICED,2,5.61,24,E
AWFIS,https://www.screener.in/company/AWFIS/consolidated/,AWFIS Space Solutions Ltd,1792.0,250.0,719.0,30.5,69.8,0.0,12.9,26.1,10.0,1208.0,74.0,407.0,136.0,276.0,69.0,1.0,69.0,68.0,9.56,-0.0,34.0,,,,,,,,,,,154.0,1208.0,,,,,,,,,,,7.0,74.0,,,,,,,,,,,-33.0,407.0,,,,,,,,,,,5.0,136.0,,,,,,,,,,,31.0,276.0,,,,,,,,,,,-62.0,69.0,,,,,,,,,,,-0.0,1.0,,,,,,,,,,,-62.0,69.0,,,,,,,,,,,-62.0,68.0,,,,,,,,,,,,9.56,,,,,,,,,,,-0.0,-0.0,,,,,,,,,,,-22.0,34.0,42.29,477.78,67.51,,,39.83,,,,,,30.67,29.8,33.69,5.63,2.99,Dec 2025,382.0,29.0,139.0,47.0,99.0,22.0,2.0,22.0,22.0,3.03,36.0,292.0,318.0,340.0,335.0,367.0,382.0,34.0,15.0,20.0,18.0,26.0,29.0,100.0,107.0,116.0,127.0,132.0,139.0,30.0,35.0,43.0,46.0,47.0,47.0,65.0,72.0,81.0,89.0,95.0,99.0,39.0,15.0,12.0,10.0,16.0,22.0,-0.0,-0.0,7.0,4.0,2.0,2.0,39.0,15.0,12.0,10.0,16.0,22.0,39.0,15.0,11.0,10.0,16.0,22.0,5.51,2.14,1.58,1.4,2.23,3.03,34.0,34.0,34.0,38.0,36.0,36.0,4.09,37.5,1424.0,59.0,6.0,2695.0,427.0,,,,,,,,,,,4.0,18.0,6.0,,,,,,,,,,,197.0,2507.0,2695.0,,,,,,,,,,,-67.0,388.0,427.0,,0.45,7.168,,,,363.0,-203.0,-124.0,,,,,,,,,,,-11.0,363.0,,,,,,,,,,,-38.0,-203.0,,,,,,,,,,,62.0,-124.0,,28.56,28.24,20.44,20.4,20.31,17.01,17.01,17.01,,22.54,20.66,21.07,19.33,21.45,25.04,27.34,27.34,,13.54,20.81,29.37,33.97,37.63,41.18,39.56,39.56,,35.36,30.28,29.12,26.29,20.62,16.77,16.09,16.09,82.99,0.0,False,107.25,2026-03-23,Services,EQ,INE108V01019,2,0,0,0,0,7,2,8,2,0,10,10,10,0,0,0,0,0,4,0,0,0,0,2,5,62,27.0,15,122.53,,,851.7,191.2,145.74,,150.77,357.77,43.1,30.1,UNDERVALUED,4,9.41,21,E
AZAD,https://www.screener.in/company/AZAD/consolidated/,Azad Engineering Ltd,8831.0,1366.0,1899.0,72.2,229.0,0.0,12.2,8.57,2.0,457.0,11.0,161.0,18.0,29.0,124.0,30.0,124.0,87.0,13.52,0.0,35.0,,,,,,,,,,,,457.0,,,,,,,,,,,,11.0,,,,,,,,,,,,161.0,,,,,,,,,,,,18.0,,,,,,,,,,,,29.0,,,,,,,,,,,,124.0,,,,,,,,,,,,30.0,,,,,,,,,,,,124.0,,,,,,,,,,,,87.0,,,,,,,,,,,,13.52,,,,,,,,,,,,0.0,,,,,,,,,,,,35.0,34.02,47.46,33.06,44.22,-58.9,,,,,,,32.67,30.6,35.23,19.04,8.94,Dec 2025,159.0,8.0,62.0,8.0,14.0,48.0,27.0,48.0,35.0,5.34,39.0,112.0,120.0,127.0,137.0,146.0,159.0,2.0,5.0,3.0,9.0,12.0,8.0,40.0,43.0,46.0,49.0,53.0,62.0,5.0,6.0,4.0,6.0,7.0,8.0,7.0,7.0,9.0,10.0,12.0,14.0,30.0,34.0,36.0,42.0,46.0,48.0,30.0,30.0,31.0,30.0,30.0,27.0,30.0,34.0,36.0,42.0,46.0,48.0,21.0,24.0,25.0,29.0,33.0,35.0,3.55,4.05,3.91,4.6,5.07,5.34,36.0,36.0,36.0,36.0,36.0,39.0,8.9,6.06,569.0,122.0,155.0,1955.0,1466.0,,,,,,,,,,,,80.0,155.0,,,,,,,,,,,,1861.0,1955.0,,,,,,,,,,,,1381.0,1466.0,,0.23,6.464860907759883,,,,54.0,-918.0,877.0,,,,,,,,,,,,54.0,,,,,,,,,,,,-918.0,,,,,,,,,,,,877.0,65.9,65.9,65.9,65.9,60.32,55.42,55.42,55.84,55.84,6.98,9.69,9.74,9.98,14.23,16.16,15.76,15.33,15.33,5.0,3.44,5.74,6.57,8.23,8.91,9.84,10.73,10.73,22.13,20.98,18.61,17.56,17.21,19.53,18.99,18.08,18.08,44.16,0.0,False,8.87,2026-03-23,Capital Goods,EQ,INE02IJ01035,0,0,0,0,0,0,2,8,8,0,9,9,10,0,10,0,0,0,0,0,0,0,0,3,3,62,27.0,15,263.94,,,373.56,270.4,157.0,,119.11,263.73,-80.7,-418.0,OVERVALUED,3,11.25,18,E
BAJAJELEC,https://www.screener.in/company/BAJAJELEC/consolidated/,Bajaj Electricals Ltd,4101.0,355.0,711.0,109.0,148.0,0.84,11.6,7.12,2.0,4826.0,76.0,307.0,70.0,144.0,170.0,21.0,170.0,133.0,11.57,26.0,6.0,,,,,,,,4590.0,4254.0,4697.0,6662.0,4826.0,,,,,,,,46.0,30.0,-26.0,65.0,76.0,,,,,,,,264.0,243.0,283.0,338.0,307.0,,,,,,,,108.0,80.0,59.0,118.0,70.0,,,,,,,,27.0,30.0,34.0,44.0,144.0,,,,,,,,174.0,163.0,164.0,241.0,170.0,,,,,,,,38.0,37.0,49.0,36.0,21.0,,,,,,,,174.0,163.0,164.0,241.0,170.0,,,,,,,,108.0,102.0,84.0,154.0,133.0,,,,,,,,9.62,9.08,7.39,13.76,11.57,,,,,,,,26.0,28.0,43.0,23.0,26.0,,,,,,,,6.0,6.0,6.0,5.0,6.0,4.03,1.53,0.1,2.36,1.12,-0.65,-8.41,-8.68,,,,6.67,6.4,6.36,2.76,4.39,Dec 2025,1051.0,-14.0,8.0,13.0,35.0,-54.0,-37.0,-54.0,-34.0,-2.96,1.0,1118.0,1290.0,1265.0,1065.0,1107.0,1051.0,15.0,13.0,38.0,24.0,8.0,-14.0,52.0,87.0,93.0,33.0,57.0,8.0,17.0,19.0,18.0,18.0,13.0,13.0,35.0,36.0,41.0,37.0,37.0,35.0,15.0,45.0,71.0,2.0,16.0,-54.0,12.0,27.0,17.0,40.0,36.0,-37.0,15.0,45.0,71.0,2.0,16.0,-54.0,13.0,33.0,59.0,1.0,10.0,-34.0,1.12,2.89,5.12,0.08,0.85,-2.96,5.0,7.0,7.0,3.0,5.0,1.0,-5.06,-440.0,4488.0,36.0,12.0,3919.0,1690.0,,,,,,,,21.0,8.0,6.0,9.0,13.0,12.0,,,,,,,,2957.0,3078.0,3466.0,5179.0,4219.0,3919.0,,,,,,,,734.0,843.0,916.0,1035.0,1702.0,1690.0,,1.23,11.552112676056336,,,,347.0,-195.0,-146.0,,,,,,,,305.0,437.0,-103.0,-621.0,347.0,,,,,,,,-53.0,-90.0,36.0,-103.0,-195.0,,,,,,,,-239.0,-368.0,64.0,713.0,-146.0,62.8,62.78,62.76,62.72,62.72,62.72,62.71,62.7,62.7,10.18,7.93,8.23,7.82,7.79,7.89,7.75,6.48,6.48,12.61,14.75,15.59,15.91,15.79,15.57,15.87,17.08,17.08,14.41,14.53,13.41,13.54,13.7,13.83,13.68,13.74,13.74,37.3,8.0,False,44.71,2026-03-23,Consumer Durables,EQ,INE193E01025,0,0,0,0,0,0,2,0,0,0,0,0,0,0,0,0,0,0,4,0,1,0,0,0,0,7,3.0,39,196.29,12.96,,398.63,231.4,84.3,30.1,92.89,185.82,-47.7,-91.0,OVERVALUED,3,2.7,30,E
BALAMINES,https://www.screener.in/company/BALAMINES/consolidated/,Balaji Amines Ltd,3247.0,1003.0,1946.0,22.5,581.0,1.1,11.0,8.83,2.0,1389.0,33.0,232.0,4.0,48.0,213.0,26.0,213.0,159.0,48.62,23.0,17.0,,,,,,608.0,616.0,640.0,668.0,858.0,940.0,1389.0,,,,,,3.0,4.0,3.0,9.0,12.0,4.0,33.0,,,,,,91.0,102.0,127.0,149.0,182.0,193.0,232.0,,,,,,32.0,35.0,22.0,13.0,9.0,13.0,4.0,,,,,,16.0,20.0,19.0,20.0,19.0,20.0,48.0,,,,,,46.0,51.0,88.0,126.0,166.0,165.0,213.0,,,,,,27.0,35.0,34.0,34.0,32.0,29.0,26.0,,,,,,46.0,51.0,88.0,126.0,166.0,165.0,213.0,,,,,,34.0,33.0,58.0,82.0,113.0,117.0,159.0,,,,,,10.34,10.25,17.78,25.42,34.93,36.27,48.62,,,,,,10.0,12.0,11.0,9.0,7.0,8.0,23.0,,,,,,15.0,17.0,20.0,22.0,21.0,21.0,17.0,-14.84,-31.47,-15.64,-27.54,-24.66,8.24,10.39,8.5,8.47,17.03,16.84,21.0,23.8,16.7,11.45,58.0,Dec 2025,331.0,5.0,57.0,2.0,14.0,46.0,33.0,46.0,31.0,9.7,17.0,347.0,313.0,353.0,358.0,341.0,331.0,9.0,8.0,8.0,9.0,7.0,5.0,61.0,46.0,60.0,55.0,60.0,57.0,1.0,1.0,1.0,1.0,1.0,2.0,12.0,12.0,13.0,14.0,14.0,14.0,57.0,41.0,54.0,49.0,52.0,46.0,27.0,24.0,25.0,25.0,28.0,33.0,57.0,41.0,54.0,49.0,52.0,46.0,41.0,31.0,40.0,37.0,37.0,31.0,12.65,10.24,12.36,11.73,10.67,9.7,17.0,15.0,17.0,15.0,18.0,17.0,-2.93,-16.22,1383.0,145.0,339.0,2331.0,1875.0,,,,,,8.0,3.0,16.0,25.0,123.0,269.0,238.0,339.0,,,,,,620.0,623.0,605.0,635.0,848.0,1046.0,2252.0,2331.0,,,,,,195.0,221.0,274.0,356.0,461.0,568.0,1839.0,1875.0,,0.6,3.23728813559322,,,,255.0,-139.0,-49.0,,,,,,111.0,56.0,85.0,60.0,140.0,94.0,255.0,,,,,,-50.0,-4.0,-29.0,-10.0,-135.0,-119.0,-139.0,,,,,,-53.0,-55.0,-54.0,-55.0,16.0,21.0,-49.0,53.71,53.71,53.71,53.71,54.62,54.59,54.59,54.59,54.59,4.92,5.05,5.27,5.16,5.09,5.0,4.53,3.3,3.3,1.48,1.59,1.79,1.66,1.48,1.46,1.52,1.53,1.53,39.91,39.67,39.23,39.46,38.83,38.96,39.37,40.59,40.59,45.41,12.0,True,15.49,2026-03-23,Chemicals,EQ,INE050E01027,5,0,0,0,0,0,2,4,6,0,0,0,0,0,0,0,0,0,4,0,2,0,0,0,0,23,10.0,35,797.24,,,1074.97,972.4,410.42,19.97,350.5,717.43,-28.5,-39.8,OVERVALUED,3,3.02,29,E
BALUFORGE,https://www.screener.in/company/BALUFORGE/consolidated/,Balu Forge Industries Ltd,5005.0,413.0,784.0,19.6,109.0,0.04,31.3,25.4,10.0,924.0,17.0,251.0,11.0,3.0,254.0,20.0,254.0,204.0,18.63,1.0,27.0,,,,,,,,,,,,924.0,,,,,,,,,,,,17.0,,,,,,,,,,,,251.0,,,,,,,,,,,,11.0,,,,,,,,,,,,3.0,,,,,,,,,,,,254.0,,,,,,,,,,,,20.0,,,,,,,,,,,,254.0,,,,,,,,,,,,204.0,,,,,,,,,,,,18.63,,,,,,,,,,,,1.0,,,,,,,,,,,,27.0,65.0,119.35,47.83,89.45,72.49,,,,,,,21.0,17.0,27.16,22.08,22.82,Dec 2025,311.0,4.0,85.0,5.0,3.0,81.0,12.0,81.0,71.0,6.18,27.0,223.0,256.0,270.0,233.0,300.0,311.0,2.0,10.0,4.0,2.0,3.0,4.0,65.0,68.0,75.0,72.0,83.0,85.0,3.0,2.0,4.0,2.0,4.0,5.0,1.0,1.0,1.0,2.0,2.0,3.0,64.0,74.0,74.0,70.0,80.0,81.0,25.0,20.0,15.0,19.0,19.0,12.0,64.0,74.0,74.0,70.0,80.0,81.0,48.0,59.0,63.0,57.0,65.0,71.0,4.39,5.39,5.73,5.0,5.71,6.18,29.0,26.0,28.0,31.0,28.0,27.0,3.67,9.23,1114.0,256.0,351.0,1524.0,1135.0,,,,,,,,,,,,417.0,351.0,,,,,,,,,,,,1252.0,1524.0,,,,,,,,,,,,942.0,1135.0,,0.61,12.11864406779661,,,,148.0,-417.0,274.0,,,,,,,,,,,,148.0,,,,,,,,,,,,-417.0,,,,,,,,,,,,274.0,,56.07,54.71,54.71,55.25,54.85,54.85,54.87,53.99,,8.51,10.43,6.93,7.07,8.2,8.33,7.94,7.47,,1.43,0.93,0.97,1.07,0.86,0.83,0.8,0.83,,33.99,33.93,33.16,32.43,32.03,31.93,32.34,33.89,46.01,3.0,False,6.69,2026-03-23,Capital Goods,EQ,INE011E01029,7,0,0,0,0,7,8,6,8,0,10,10,10,10,10,0,0,0,4,0,0,0,0,2,3,95,41.3,1,213.75,1350.49,,310.68,372.6,221.49,,136.43,422.51,2.3,2.3,FULLY PRICED,4,35.2,3,D
BANCOINDIA,https://www.screener.in/company/BANCOINDIA/consolidated/,Banco Products (India) Ltd,7473.0,522.0,880.0,15.6,114.0,2.87,32.4,32.2,2.0,3213.0,43.0,611.0,26.0,94.0,534.0,27.0,534.0,392.0,27.39,40.0,19.0,,,,,,1116.0,1129.0,1148.0,1239.0,1336.0,1567.0,3213.0,,,,,,9.0,53.0,11.0,32.0,18.0,10.0,43.0,,,,,,165.0,102.0,146.0,144.0,179.0,161.0,611.0,,,,,,19.0,8.0,3.0,2.0,2.0,4.0,26.0,,,,,,32.0,34.0,35.0,33.0,28.0,29.0,94.0,,,,,,122.0,113.0,119.0,141.0,167.0,138.0,534.0,,,,,,26.0,22.0,25.0,31.0,30.0,50.0,27.0,,,,,,122.0,113.0,119.0,141.0,167.0,138.0,534.0,,,,,,90.0,88.0,90.0,97.0,117.0,69.0,392.0,,,,,,6.28,6.13,6.29,6.8,8.17,4.83,27.39,,,,,,16.0,24.0,37.0,66.0,61.0,83.0,40.0,,,,,,15.0,9.0,13.0,12.0,13.0,10.0,19.0,16.08,44.65,17.95,37.13,36.97,17.71,38.47,38.58,11.03,16.11,16.15,16.67,15.2,19.02,12.2,23.5,Dec 2025,789.0,27.0,125.0,8.0,26.0,119.0,28.0,119.0,86.0,6.0,16.0,895.0,639.0,875.0,970.0,1038.0,789.0,17.0,5.0,19.0,14.0,59.0,27.0,206.0,58.0,214.0,182.0,149.0,125.0,6.0,5.0,8.0,7.0,8.0,8.0,19.0,20.0,36.0,24.0,25.0,26.0,197.0,39.0,190.0,164.0,175.0,119.0,30.0,21.0,19.0,33.0,20.0,28.0,197.0,39.0,190.0,164.0,175.0,119.0,139.0,31.0,154.0,110.0,139.0,86.0,9.7,2.16,10.73,7.66,9.71,6.0,23.0,9.0,24.0,19.0,14.0,16.0,-23.99,-38.13,3672.0,489.0,16.0,3078.0,1606.0,,,,,,12.0,11.0,3.0,4.0,13.0,13.0,5.0,16.0,,,,,,944.0,819.0,956.0,969.0,1197.0,1195.0,2744.0,3078.0,,,,,,574.0,605.0,674.0,705.0,793.0,818.0,1274.0,1606.0,,1.04,14.316091954022989,,,,164.0,-73.0,-89.0,,,,,,131.0,85.0,68.0,90.0,99.0,62.0,164.0,,,,,,-42.0,88.0,-17.0,-59.0,-22.0,-52.0,-73.0,,,,,,-82.0,-136.0,-6.0,-61.0,-68.0,-49.0,-89.0,67.88,67.88,67.88,67.88,67.88,67.88,67.88,67.88,67.88,3.0,3.21,3.08,3.76,3.88,3.83,4.4,4.0,4.0,0.13,0.14,0.18,0.21,0.17,0.43,0.29,0.22,0.22,28.97,28.77,28.86,28.15,28.07,27.85,27.42,27.89,27.89,32.12,12.0,True,8.05,2026-03-23,Automobile and Auto Components,EQ,INE213C01025,7,0,0,0,0,9,8,4,6,0,5,9,6,10,10,0,0,0,4,0,4,0,0,0,0,82,35.7,3,265.06,1012.61,,640.19,547.8,293.66,,219.69,521.13,-0.2,-0.2,FULLY PRICED,5,15.66,13,E
BELRISE,https://www.screener.in/company/BELRISE/consolidated/,Belrise Industries Ltd,16278.0,183.0,201.0,33.8,55.9,0.3,14.3,14.1,5.0,8291.0,62.0,1021.0,307.0,330.0,446.0,20.0,446.0,355.0,5.46,10.0,12.0,,,,,,,,,,,,8291.0,,,,,,,,,,,,62.0,,,,,,,,,,,,1021.0,,,,,,,,,,,,307.0,,,,,,,,,,,,330.0,,,,,,,,,,,,446.0,,,,,,,,,,,,20.0,,,,,,,,,,,,446.0,,,,,,,,,,,,355.0,,,,,,,,,,,,5.46,,,,,,,,,,,,10.0,,,,,,,,,,,,12.0,10.78,14.15,15.39,10.66,14.23,,,,,,,12.33,12.75,12.31,4.28,3.33,Dec 2025,2341.0,27.0,287.0,50.0,93.0,171.0,29.0,171.0,122.0,1.37,12.0,2069.0,2167.0,2274.0,2262.0,2354.0,2341.0,13.0,29.0,10.0,29.0,27.0,27.0,243.0,262.0,276.0,281.0,296.0,287.0,89.0,77.0,64.0,80.0,56.0,50.0,81.0,83.0,83.0,90.0,87.0,93.0,86.0,131.0,139.0,140.0,181.0,171.0,15.0,23.0,21.0,20.0,26.0,29.0,86.0,131.0,139.0,140.0,181.0,171.0,73.0,101.0,110.0,112.0,133.0,122.0,1.13,1.55,1.69,1.26,1.49,1.37,12.0,12.0,12.0,12.0,13.0,12.0,-0.55,-8.27,9231.0,477.0,239.0,8087.0,4526.0,,,,,,,,,,,,263.0,239.0,,,,,,,,,,,,7225.0,8087.0,,,,,,,,,,,,2371.0,4526.0,,1.03,88.95081967213115,,,,704.0,-981.0,169.0,,,,,,,,,,,,704.0,,,,,,,,,,,,-981.0,,,,,,,,,,,,169.0,,,,,,73.01,73.01,66.46,66.46,,,,,,6.78,7.67,8.9,8.9,,,,,,7.12,4.0,9.27,9.27,,,,,,13.08,15.32,15.37,15.37,33.54,1.0,False,13.9,2026-03-23,Automobile and Auto Components,EQ,INE894V01022,2,0,0,0,0,2,2,2,2,0,3,3,6,4,4,0,0,0,7,0,0,0,0,0,0,37,16.1,24,82.87,77.7,,172.17,109.2,63.06,33.02,51.79,97.07,-47.0,-88.5,OVERVALUED,3,2.21,32,E
BIRLACORPN,https://www.screener.in/company/BIRLACORPN/consolidated/,Birla Corporation Ltd,6199.0,805.0,1537.0,10.8,928.0,1.24,7.08,4.79,10.0,9214.0,56.0,1221.0,327.0,572.0,378.0,22.0,378.0,295.0,38.34,26.0,13.0,,,,,,3016.0,3210.0,3268.0,4348.0,5730.0,6549.0,9214.0,,,,,,113.0,143.0,146.0,139.0,62.0,78.0,56.0,,,,,,258.0,302.0,286.0,624.0,808.0,949.0,1221.0,,,,,,86.0,78.0,82.0,277.0,378.0,371.0,327.0,,,,,,133.0,154.0,149.0,256.0,332.0,339.0,572.0,,,,,,152.0,213.0,201.0,230.0,160.0,317.0,378.0,,,,,,15.0,18.0,17.0,5.0,4.0,19.0,22.0,,,,,,152.0,213.0,201.0,230.0,160.0,317.0,378.0,,,,,,130.0,175.0,168.0,219.0,154.0,256.0,295.0,,,,,,16.86,22.76,21.78,28.5,19.99,33.2,38.34,,,,,,36.0,26.0,28.0,23.0,33.0,23.0,26.0,,,,,,9.0,9.0,9.0,14.0,14.0,14.0,13.0,-4.58,-29.93,7.29,-9.58,-9.52,5.91,-10.19,-10.18,11.12,5.36,5.35,12.33,14.4,13.25,3.2,3.73,Dec 2025,2159.0,-15.0,293.0,65.0,133.0,80.0,34.0,80.0,53.0,6.85,14.0,1953.0,2257.0,2815.0,2454.0,2207.0,2159.0,17.0,15.0,10.0,32.0,27.0,-15.0,177.0,248.0,534.0,347.0,305.0,293.0,85.0,83.0,73.0,71.0,67.0,65.0,145.0,139.0,142.0,131.0,134.0,133.0,-36.0,41.0,328.0,177.0,131.0,80.0,-29.0,25.0,22.0,33.0,31.0,34.0,-36.0,41.0,328.0,177.0,131.0,80.0,-25.0,31.0,257.0,120.0,90.0,53.0,-3.27,4.05,33.32,15.53,11.75,6.85,9.0,11.0,19.0,14.0,14.0,14.0,-2.17,-41.11,9635.0,520.0,642.0,14120.0,7070.0,,,,,,142.0,123.0,63.0,805.0,762.0,914.0,560.0,642.0,,,,,,4882.0,4995.0,5229.0,9698.0,11075.0,11332.0,14361.0,14120.0,,,,,,2452.0,2550.0,2848.0,3209.0,4203.0,4418.0,6938.0,7070.0,,0.65,7.700621118012422,,,,1669.0,-886.0,-823.0,,,,,,359.0,282.0,249.0,677.0,805.0,1064.0,1669.0,,,,,,-341.0,-11.0,-11.0,-982.0,-234.0,-543.0,-886.0,,,,,,-10.0,-265.0,-202.0,280.0,-555.0,-535.0,-823.0,62.9,62.9,62.9,62.9,62.9,62.9,62.9,62.9,62.9,6.79,5.99,5.46,5.6,6.27,7.05,6.7,6.54,6.54,15.6,16.26,16.2,16.24,15.6,15.55,15.79,15.49,15.49,14.7,14.84,15.44,15.24,15.23,14.5,14.6,15.09,15.09,37.1,12.0,True,14.81,2026-03-23,Construction Materials,EQ,INE340A01012,9,0,0,0,0,0,0,2,0,0,0,0,2,0,0,0,0,0,7,0,2,0,0,0,0,22,9.6,36,894.73,,,2378.38,766.8,464.0,40.88,547.81,1055.02,31.1,23.7,FAIR,2,19.93,9,E
BLACKBUCK,https://www.screener.in/company/BLACKBUCK/consolidated/,Blackbuck Ltd,10698.0,587.0,748.0,27.9,72.5,0.0,10.5,47.3,1.0,427.0,-308.0,93.0,4.0,34.0,-253.0,-97.0,-253.0,-9.0,-0.49,-0.0,22.0,,,,,,,,,,,,427.0,,,,,,,,,,,,-308.0,,,,,,,,,,,,93.0,,,,,,,,,,,,4.0,,,,,,,,,,,,34.0,,,,,,,,,,,,-253.0,,,,,,,,,,,,-97.0,,,,,,,,,,,,-253.0,,,,,,,,,,,,-9.0,,,,,,,,,,,,-0.49,,,,,,,,,,,,-0.0,,,,,,,,,,,,22.0,43.77,95.36,-19.97,,,,,,,,,-54.33,-43.8,21.78,-2.11,23.25,Dec 2025,172.0,13.0,45.0,1.0,14.0,42.0,25.0,42.0,32.0,1.75,26.0,99.0,114.0,122.0,144.0,151.0,172.0,-276.0,-69.0,9.0,16.0,16.0,13.0,15.0,30.0,40.0,40.0,37.0,45.0,1.0,2.0,1.0,1.0,1.0,1.0,7.0,8.0,12.0,9.0,12.0,14.0,-269.0,-48.0,35.0,46.0,39.0,42.0,0.0,0.0,-696.0,26.0,25.0,25.0,-269.0,-48.0,35.0,46.0,39.0,42.0,-269.0,-48.0,280.0,34.0,29.0,32.0,-26680.2,-2.72,15.79,1.88,1.62,1.75,15.0,26.0,33.0,28.0,24.0,26.0,13.91,10.34,589.0,375.0,-0.0,1568.0,1296.0,,,,,,,,,,,,-0.0,-0.0,,,,,,,,,,,,1433.0,1568.0,,,,,,,,,,,,1220.0,1296.0,,0.27,18.224872231686543,,,,58.0,-467.0,384.0,,,,,,,,,,,,58.0,,,,,,,,,,,,-467.0,,,,,,,,,,,,384.0,,,,27.84,27.7,27.43,27.19,25.12,25.12,,,,11.73,11.59,20.52,26.2,28.25,28.25,,,,9.98,10.26,13.48,14.33,13.23,13.23,,,,50.45,50.44,38.56,32.27,33.42,33.42,74.88,0.0,False,121.74,2026-03-23,Services,EQ,INE0UIZ01018,3,10,0,0,0,10,2,6,0,0,10,10,0,0,0,0,0,0,0,0,0,0,0,4,3,58,25.2,18,,,,76.54,,274.34,,53.15,128.38,-78.1,-357.2,OVERVALUED,3,-12.8,37,E
BORORENEW,https://www.screener.in/company/BORORENEW/consolidated/,Borosil Renewables Ltd,5588.0,399.0,721.0,58.7,63.7,0.0,-4.41,-8.9,1.0,1476.0,34.0,58.0,32.0,135.0,-74.0,17.0,-74.0,-87.0,-5.25,0.0,4.0,,,,,,156.0,325.0,415.0,557.0,633.0,762.0,1476.0,,,,,,36.0,56.0,14.0,135.0,28.0,34.0,34.0,,,,,,9.0,30.0,46.0,62.0,92.0,109.0,58.0,,,,,,0.0,2.0,4.0,8.0,7.0,6.0,32.0,,,,,,4.0,18.0,21.0,32.0,37.0,45.0,135.0,,,,,,41.0,65.0,36.0,156.0,76.0,92.0,-74.0,,,,,,11.0,23.0,18.0,12.0,35.0,35.0,17.0,,,,,,41.0,65.0,36.0,156.0,76.0,92.0,-74.0,,,,,,39.0,51.0,29.0,137.0,49.0,60.0,-87.0,,,,,,3.27,4.12,2.68,13.93,4.89,5.9,-5.25,,,,,,15.0,15.0,23.0,5.0,13.0,11.0,0.0,,,,,,6.0,9.0,11.0,11.0,14.0,14.0,4.0,7.66,-74.0,24.66,18.33,-9.49,21.52,-19.68,-27.36,,,,8.0,10.4,3.93,-5.89,1.81,Dec 2025,390.0,25.0,123.0,3.0,22.0,122.0,18.0,122.0,100.0,7.14,31.0,373.0,361.0,374.0,347.0,379.0,390.0,5.0,15.0,12.0,-216.0,-6.0,25.0,29.0,-10.0,15.0,63.0,118.0,123.0,10.0,5.0,10.0,4.0,4.0,3.0,33.0,32.0,36.0,30.0,22.0,22.0,-8.0,-32.0,-18.0,-187.0,87.0,122.0,58.0,-6.0,60.0,9.0,29.0,18.0,-8.0,-32.0,-18.0,-187.0,87.0,122.0,-13.0,-30.0,-30.0,-203.0,62.0,100.0,-0.75,-2.05,-1.52,-12.52,1.98,7.14,8.0,-3.0,4.0,18.0,31.0,31.0,2.9,61.29,1490.0,-71.0,48.0,1262.0,880.0,,,,,,6.0,8.0,8.0,43.0,16.0,137.0,135.0,48.0,,,,,,693.0,817.0,832.0,989.0,1065.0,1189.0,1454.0,1262.0,,,,,,656.0,695.0,615.0,763.0,814.0,839.0,984.0,880.0,,1.17,14.00501253132832,,,,100.0,-142.0,-53.0,,,,,,1.0,24.0,32.0,43.0,103.0,-25.0,100.0,,,,,,8.0,-3.0,162.0,20.0,-67.0,-26.0,-142.0,,,,,,-8.0,-22.0,-193.0,-64.0,-31.0,40.0,-53.0,61.6,61.6,61.59,61.58,62.2,61.93,61.85,58.77,58.77,4.37,4.31,4.18,5.35,4.54,4.62,4.81,4.01,4.01,0.26,0.24,0.23,1.02,1.2,0.72,0.78,2.57,2.57,33.78,33.84,34.0,32.05,32.07,32.74,32.57,34.67,34.67,41.23,6.0,False,-45.95,2026-03-23,Capital Goods,EQ,INE666D01022,1,10,0,0,0,0,0,0,0,0,1,0,8,0,6,0,0,0,4,0,0,0,0,2,5,37,16.1,24,,,,62.12,,,,,62.12,-84.4,-542.3,OVERVALUED,2,-2.14,33,E
CIEINDIA,https://www.screener.in/company/CIEINDIA/consolidated/,CIE Automotive India Ltd,16926.0,446.0,526.0,20.6,197.0,1.57,14.7,11.7,10.0,9406.0,109.0,1362.0,27.0,358.0,1087.0,24.0,1087.0,828.0,21.83,32.0,14.0,,,,,,,5570.0,,,,,,,,,,,,-183.0,,,,,,,,,,,,442.0,,,,,,,,,,,,121.0,,,,,,,,,,,,238.0,,,,,,,,,,,,-100.0,,,,,,,,,,,,-22.0,,,,,,,,,,,,-100.0,,,,,,,,,,,,-78.0,,,,,,,,,,,,-2.42,,,,,,,,,,,,0.0,,,,,,,,,,,,8.0,,,,,,4.93,0.0,2.43,-14.21,-14.21,9.23,67.18,66.95,8.92,30.2,27.98,14.67,14.2,14.48,8.8,50.44,Dec 2025,2393.0,28.0,335.0,9.0,96.0,259.0,21.0,259.0,204.0,5.39,14.0,2135.0,2110.0,2273.0,2369.0,2372.0,2393.0,27.0,40.0,37.0,23.0,20.0,28.0,331.0,299.0,335.0,337.0,356.0,335.0,17.0,18.0,13.0,2.0,4.0,9.0,80.0,81.0,86.0,87.0,89.0,96.0,260.0,240.0,273.0,271.0,283.0,259.0,25.0,23.0,25.0,25.0,24.0,21.0,260.0,240.0,273.0,271.0,283.0,259.0,195.0,185.0,206.0,204.0,214.0,204.0,5.15,4.88,5.44,5.37,5.64,5.39,15.0,14.0,15.0,14.0,15.0,14.0,0.89,-4.67,9407.0,828.0,130.0,10757.0,7080.0,,,,,,,126.0,,,,,,,,,,,,,4951.0,,,,,,,,,,,,,1564.0,,,,,,,,0.87,37.95067264573991,,,,1258.0,-785.0,-526.0,,,,,,,322.0,,,,,,,,,,,,-184.0,,,,,,,,,,,,-294.0,,,,,,65.7,65.7,65.7,65.7,65.7,65.7,65.7,65.7,65.7,5.11,5.03,4.32,4.47,4.38,4.15,4.23,4.32,4.32,18.12,19.45,20.33,20.72,20.91,21.48,21.52,21.64,21.64,11.03,9.78,9.6,9.07,8.98,8.61,8.5,8.29,8.29,34.3,4.0,False,10.03,2026-03-23,Automobile and Auto Components,EQ,INE536H01010,5,0,0,0,0,2,2,2,4,0,0,0,0,0,0,0,0,0,7,0,2,0,0,2,0,26,11.3,32,311.07,,,538.33,436.6,184.39,22.49,167.55,330.98,-25.8,-34.8,OVERVALUED,2,4.24,27,E
CMSINFO,https://www.screener.in/company/CMSINFO/consolidated/,CMS Info Systems Ltd,4482.0,271.0,541.0,13.6,142.0,2.39,23.7,17.1,10.0,2425.0,51.0,627.0,18.0,161.0,498.0,25.0,498.0,372.0,22.66,42.0,26.0,,,,,,,,,,,1146.0,2425.0,,,,,,,,,,,13.0,51.0,,,,,,,,,,,198.0,627.0,,,,,,,,,,,7.0,18.0,,,,,,,,,,,54.0,161.0,,,,,,,,,,,150.0,498.0,,,,,,,,,,,36.0,25.0,,,,,,,,,,,150.0,498.0,,,,,,,,,,,96.0,372.0,,,,,,,,,,,6.5,22.66,,,,,,,,,,,25.0,42.0,,,,,,,,,,,17.0,26.0,7.06,7.2,15.11,18.42,15.7,11.89,22.47,20.02,,,,26.67,25.4,25.86,15.34,34.83,Dec 2025,618.0,-2.0,140.0,4.0,56.0,77.0,25.0,77.0,57.0,3.49,23.0,625.0,581.0,619.0,627.0,609.0,618.0,14.0,12.0,14.0,16.0,11.0,-2.0,153.0,159.0,162.0,158.0,137.0,140.0,5.0,5.0,5.0,4.0,5.0,4.0,39.0,41.0,43.0,45.0,48.0,56.0,123.0,125.0,129.0,126.0,96.0,77.0,26.0,26.0,24.0,25.0,23.0,25.0,123.0,125.0,129.0,126.0,96.0,77.0,91.0,93.0,98.0,94.0,73.0,57.0,5.57,5.67,5.94,5.69,4.46,3.49,24.0,27.0,26.0,25.0,23.0,23.0,1.48,-21.92,2473.0,322.0,142.0,3171.0,2169.0,,,,,,,,,,,3.0,164.0,142.0,,,,,,,,,,,1093.0,3120.0,3171.0,,,,,,,,,,,598.0,2102.0,2169.0,,0.76,16.538745387453876,,,,483.0,-266.0,-144.0,,,,,,,,,,,102.0,483.0,,,,,,,,,,,6.0,-266.0,,,,,,,,,,,-52.0,-144.0,0.0,0.0,0.0,0.0,0.0,0.0,0.0,0.0,0.0,36.34,40.21,39.99,37.95,37.8,36.96,33.15,28.2,28.2,29.01,28.4,26.66,27.03,26.45,26.61,28.69,32.61,32.61,34.65,31.4,33.35,35.01,35.77,36.42,38.14,39.18,39.18,,7.0,True,10.24,2026-03-23,Services,EQ,INE925R01014,9,0,0,0,0,3,6,6,8,0,1,1,6,6,6,0,0,0,4,0,4,0,0,2,0,62,27.0,15,269.07,355.76,,568.66,453.2,194.26,,176.1,374.94,38.4,27.7,UNDERVALUED,4,31.46,5,E
CARTRADE,https://www.screener.in/company/CARTRADE/consolidated/,Cartrade Tech Ltd,8111.0,1695.0,3291.0,39.6,487.0,0.0,7.59,6.24,10.0,641.0,70.0,152.0,12.0,41.0,168.0,14.0,168.0,145.0,28.38,0.0,24.0,,,,,,,,33.0,78.0,,243.0,641.0,,,,,,,,18.0,20.0,,24.0,70.0,,,,,,,,-162.0,-53.0,,30.0,152.0,,,,,,,,0.0,0.0,,3.0,12.0,,,,,,,,1.0,3.0,,15.0,41.0,,,,,,,,-146.0,-37.0,,35.0,168.0,,,,,,,,0.0,0.0,,27.0,14.0,,,,,,,,-146.0,-37.0,,35.0,168.0,,,,,,,,-146.0,-37.0,,26.0,145.0,,,,,,,,-461.48,-107.09,,48.39,28.38,,,,,,,,0.0,0.0,,0.0,0.0,,,,,,,,-499.0,-68.0,,12.0,24.0,30.82,625.0,26.99,90.39,97.71,16.55,47.06,-18.21,,,,16.33,4.4,23.71,22.62,12.67,Dec 2025,210.0,12.0,78.0,3.0,9.0,78.0,21.0,78.0,62.0,11.68,37.0,154.0,176.0,170.0,173.0,193.0,210.0,18.0,17.0,20.0,25.0,29.0,12.0,33.0,50.0,46.0,44.0,64.0,78.0,3.0,3.0,3.0,3.0,3.0,3.0,11.0,11.0,10.0,9.0,9.0,9.0,37.0,53.0,53.0,57.0,80.0,78.0,17.0,15.0,14.0,17.0,20.0,21.0,37.0,53.0,53.0,57.0,80.0,78.0,31.0,46.0,46.0,47.0,64.0,62.0,5.89,9.01,8.82,9.03,12.53,11.68,21.0,28.0,27.0,25.0,33.0,37.0,8.81,-3.12,746.0,219.0,0.0,2820.0,2282.0,,,,,,,,0.0,0.0,,0.0,0.0,0.0,,,,,,,,1021.0,1252.0,,1424.0,2705.0,2820.0,,,,,,,,948.0,1185.0,,1193.0,2173.0,2282.0,,0.23,4.785250737463127,,,,171.0,-138.0,-27.0,,,,,,,,,-50.0,,35.0,171.0,,,,,,,,,-222.0,,-20.0,-138.0,,,,,,,,,269.0,,-5.0,-27.0,,,,,,,,,,69.71,59.31,51.63,55.12,60.96,67.3,68.51,64.58,64.58,4.96,12.91,22.01,19.67,15.36,10.49,9.95,9.97,9.97,25.33,27.78,26.36,25.21,23.68,22.2,21.54,25.44,25.44,,0.0,False,41.67,2026-03-23,Consumer Services,EQ,INE290S01011,2,0,0,0,0,0,0,6,8,0,9,10,10,10,10,0,0,0,4,0,0,0,0,3,0,72,31.3,8,557.65,2773.01,,476.46,567.6,243.5,,166.24,765.43,-54.8,-121.4,OVERVALUED,3,14.85,16,E
CEIGALL,https://www.screener.in/company/CEIGALL/consolidated/,Ceigall India Ltd,4585.0,263.0,308.0,17.7,111.0,0.0,19.4,20.9,5.0,3437.0,56.0,518.0,134.0,56.0,385.0,25.0,385.0,287.0,16.88,-0.0,15.0,,,,,,,,,,,,3437.0,,,,,,,,,,,,56.0,,,,,,,,,,,,518.0,,,,,,,,,,,,134.0,,,,,,,,,,,,56.0,,,,,,,,,,,,385.0,,,,,,,,,,,,25.0,,,,,,,,,,,,385.0,,,,,,,,,,,,287.0,,,,,,,,,,,,16.88,,,,,,,,,,,,-0.0,,,,,,,,,,,,15.0,13.47,-5.59,44.72,31.57,1.76,,,,,,,15.33,16.0,15.07,8.35,3.87,Dec 2025,991.0,11.0,139.0,37.0,16.0,97.0,25.0,97.0,72.0,4.25,14.0,772.0,831.0,1012.0,838.0,807.0,991.0,15.0,11.0,23.0,14.0,17.0,11.0,123.0,123.0,128.0,109.0,114.0,139.0,35.0,27.0,37.0,42.0,37.0,37.0,14.0,12.0,16.0,14.0,16.0,16.0,88.0,95.0,98.0,67.0,77.0,97.0,26.0,25.0,26.0,24.0,27.0,25.0,88.0,95.0,98.0,67.0,77.0,97.0,66.0,71.0,72.0,51.0,56.0,72.0,3.86,4.2,4.25,3.05,3.33,4.25,16.0,15.0,13.0,13.0,14.0,14.0,22.8,28.57,3648.0,251.0,10.0,4539.0,1850.0,,,,,,,,,,,,23.0,10.0,,,,,,,,,,,,4248.0,4539.0,,,,,,,,,,,,1745.0,1850.0,,0.76,17.433460076045627,,,,-520.0,-130.0,846.0,,,,,,,,,,,,-520.0,,,,,,,,,,,,-130.0,,,,,,,,,,,,846.0,,,82.05,82.05,82.05,82.05,82.05,82.05,82.05,,,2.97,1.58,1.47,1.81,2.48,2.9,2.9,,,6.88,7.67,8.23,7.33,5.67,5.08,5.08,,,8.09,8.7,8.25,8.8,9.79,9.96,9.96,17.95,1.0,False,14.55,2026-03-23,Construction,EQ,INE0AG901020,7,0,0,0,0,5,4,4,4,0,3,0,10,0,10,0,0,0,0,0,0,0,0,5,5,57,24.8,20,205.32,29.71,,445.69,337.6,185.59,,165.63,261.98,-0.4,-0.4,FULLY PRICED,3,10.23,20,E
CELLO,https://www.screener.in/company/CELLO/consolidated/,Cello World Ltd,8786.0,398.0,674.0,27.8,104.0,0.38,23.7,20.4,5.0,2136.0,45.0,510.0,1.0,62.0,491.0,26.0,491.0,365.0,15.34,10.0,24.0,,,,,,,,,,,,2136.0,,,,,,,,,,,,45.0,,,,,,,,,,,,510.0,,,,,,,,,,,,1.0,,,,,,,,,,,,62.0,,,,,,,,,,,,491.0,,,,,,,,,,,,26.0,,,,,,,,,,,,491.0,,,,,,,,,,,,365.0,,,,,,,,,,,,15.34,,,,,,,,,,,,10.0,,,,,,,,,,,,24.0,6.8,2.53,16.27,18.38,-95.78,,,,,,,24.0,24.6,23.88,17.09,510.0,Dec 2025,554.0,9.0,106.0,1.0,20.0,94.0,26.0,94.0,69.0,2.88,19.0,490.0,557.0,589.0,529.0,587.0,554.0,13.0,12.0,13.0,17.0,14.0,9.0,119.0,127.0,135.0,109.0,128.0,106.0,0.0,0.0,0.0,0.0,0.0,1.0,15.0,15.0,18.0,19.0,20.0,20.0,117.0,124.0,130.0,108.0,121.0,94.0,26.0,26.0,26.0,25.0,25.0,26.0,117.0,124.0,130.0,108.0,121.0,94.0,87.0,92.0,96.0,81.0,91.0,69.0,3.7,3.91,3.99,3.31,3.88,2.88,24.0,23.0,23.0,21.0,22.0,19.0,-5.62,-24.18,2259.0,337.0,51.0,2806.0,2183.0,,,,,,,,,,,,19.0,51.0,,,,,,,,,,,,2640.0,2806.0,,,,,,,,,,,,2057.0,2183.0,,0.76,22.07537688442211,,,,262.0,-553.0,311.0,,,,,,,,,,,,262.0,,,,,,,,,,,,-553.0,,,,,,,,,,,,311.0,78.06,78.06,75.0,75.0,75.0,75.0,75.0,75.0,75.0,4.43,5.88,7.7,7.47,6.51,5.38,5.55,5.41,5.41,12.44,12.08,13.57,13.54,13.8,14.62,14.03,13.37,13.37,5.07,3.98,3.73,3.97,4.69,4.99,5.41,6.22,6.22,25.0,2.0,False,9.16,2026-03-23,Consumer Durables,EQ,INE0LMW01024,3,0,0,0,0,5,6,6,8,0,1,0,6,0,6,0,0,0,4,0,0,0,0,0,0,45,19.6,23,189.46,,,346.54,306.8,169.73,,125.15,253.01,-36.4,-57.3,OVERVALUED,4,10.37,19,E
CEMPRO,https://www.screener.in/company/CEMPRO/consolidated/,Cemindia Projects Ltd,8745.0,510.0,944.0,18.6,119.0,0.39,27.6,21.8,1.0,9097.0,56.0,868.0,229.0,192.0,503.0,26.0,503.0,373.0,21.7,9.0,10.0,,,,,,,,,,,,9097.0,,,,,,,,,,,,56.0,,,,,,,,,,,,868.0,,,,,,,,,,,,229.0,,,,,,,,,,,,192.0,,,,,,,,,,,,503.0,,,,,,,,,,,,26.0,,,,,,,,,,,,503.0,,,,,,,,,,,,373.0,,,,,,,,,,,,21.7,,,,,,,,,,,,9.0,,,,,,,,,,,,10.0,17.87,36.13,33.67,75.5,75.57,26.03,53.34,53.94,18.6,39.21,37.32,9.33,8.8,9.54,4.1,3.79,Dec 2025,2315.0,23.0,222.0,50.0,43.0,152.0,27.0,152.0,111.0,6.46,10.0,1991.0,2270.0,2480.0,2542.0,2195.0,2315.0,23.0,10.0,10.0,22.0,41.0,23.0,182.0,207.0,258.0,233.0,202.0,222.0,57.0,59.0,62.0,50.0,53.0,50.0,47.0,45.0,51.0,41.0,43.0,43.0,100.0,113.0,155.0,164.0,146.0,152.0,28.0,23.0,27.0,16.0,26.0,27.0,100.0,113.0,155.0,164.0,146.0,152.0,72.0,87.0,114.0,137.0,108.0,111.0,4.19,5.07,6.61,7.99,6.27,6.46,9.0,9.0,10.0,9.0,9.0,10.0,5.47,2.78,9532.0,470.0,25.0,6673.0,2029.0,,,,,,,,,,,7.0,21.0,25.0,,,,,,,,,,,2597.0,6505.0,6673.0,,,,,,,,,,,1004.0,1816.0,2029.0,,1.36,17.147058823529413,,,,203.0,-245.0,-209.0,,,,,,,,,,,-134.0,203.0,,,,,,,,,,,-133.0,-245.0,,,,,,,,,,,244.0,-209.0,46.64,46.64,46.64,46.64,46.64,67.46,67.46,67.46,67.46,17.08,20.0,20.99,17.04,13.95,9.21,8.36,8.19,8.19,1.82,2.44,2.32,2.6,6.14,0.79,0.72,1.5,1.5,34.46,30.92,30.06,33.72,33.28,22.55,23.45,22.84,22.84,32.54,10.0,False,11.13,2026-03-23,Construction,EQ,INE686A01026,7,0,0,0,0,5,8,2,2,0,5,9,10,10,10,0,0,0,4,0,0,0,0,3,2,77,33.5,6,241.04,1639.87,,759.31,434.0,207.54,,243.11,600.64,17.8,15.1,FAIR,4,30.57,6,E
CIGNITITEC,https://www.screener.in/company/CIGNITITEC/consolidated/,Cigniti Technologies Ltd,2959.0,1073.0,1930.0,9.68,410.0,0.0,34.1,26.0,10.0,2014.0,20.0,289.0,3.0,34.0,272.0,26.0,272.0,200.0,73.06,0.0,14.0,,,,,,259.0,379.0,595.0,619.0,693.0,816.0,2014.0,,,,,,1.0,1.0,3.0,-332.0,1.0,27.0,20.0,,,,,,36.0,38.0,98.0,-22.0,52.0,133.0,289.0,,,,,,1.0,3.0,6.0,16.0,17.0,15.0,3.0,,,,,,2.0,5.0,11.0,17.0,3.0,3.0,34.0,,,,,,33.0,31.0,84.0,-387.0,33.0,142.0,272.0,,,,,,22.0,18.0,41.0,2.0,2.0,-4.0,26.0,,,,,,33.0,31.0,84.0,-387.0,33.0,142.0,272.0,,,,,,26.0,25.0,50.0,-395.0,32.0,147.0,200.0,,,,,,12.27,10.25,19.48,-148.94,12.14,53.52,73.06,,,,,,0.0,0.0,0.0,0.0,0.0,0.0,0.0,,,,,,14.0,10.0,16.0,-4.0,8.0,16.0,14.0,10.96,20.48,17.48,29.54,30.73,18.22,10.39,10.84,18.18,25.99,24.39,13.33,13.2,14.35,9.93,96.33,Dec 2025,579.0,10.0,104.0,2.0,5.0,108.0,25.0,108.0,80.0,29.15,18.0,499.0,516.0,530.0,534.0,567.0,579.0,18.0,9.0,17.0,8.0,20.0,10.0,65.0,85.0,90.0,89.0,96.0,104.0,1.0,1.0,1.0,1.0,1.0,2.0,9.0,8.0,8.0,8.0,6.0,5.0,72.0,86.0,97.0,89.0,110.0,108.0,27.0,26.0,25.0,26.0,25.0,25.0,72.0,86.0,97.0,89.0,110.0,108.0,53.0,64.0,73.0,66.0,83.0,80.0,19.38,23.3,26.72,24.05,30.08,29.15,13.0,16.0,17.0,17.0,17.0,18.0,2.12,-3.61,2210.0,302.0,0.0,1479.0,1101.0,,,,,,10.0,55.0,64.0,0.0,0.0,0.0,0.0,0.0,,,,,,185.0,384.0,636.0,228.0,238.0,308.0,1239.0,1479.0,,,,,,92.0,244.0,334.0,-67.0,-20.0,123.0,936.0,1101.0,,1.36,2.7576887232059644,,,,160.0,-12.0,-18.0,,,,,,24.0,-28.0,115.0,-48.0,35.0,127.0,160.0,,,,,,-53.0,-51.0,-197.0,-6.0,-5.0,-6.0,-12.0,,,,,,33.0,108.0,52.0,53.0,-29.0,-135.0,-18.0,32.77,32.77,22.68,55.32,55.16,55.16,55.04,54.0,54.0,6.06,5.73,4.64,8.25,9.73,11.33,11.88,11.6,11.6,0.09,2.12,6.97,10.42,10.59,8.23,7.68,9.3,9.3,61.08,59.37,65.71,26.0,24.52,25.29,25.4,25.11,25.11,46.0,4.0,False,7.35,2026-03-23,Information Technology,EQ,INE675C01017,10,0,0,0,0,7,8,2,4,0,3,7,6,10,8,0,0,0,4,0,0,0,0,2,0,71,30.9,9,820.96,2245.13,,1571.97,1461.2,852.8,,570.22,1319.94,23.0,18.7,FAIR,4,26.29,7,E
